Date,Open,High,Low,Close,Adj Close,Volume,Symbol
2021-12-06,198.77000427246094,204.22000122070312,197.74000549316406,202.67999267578125,199.57351684570312,10722100,V
2021-12-07,206.0,207.94000244140625,205.88999938964844,207.3699951171875,204.191650390625,11897200,V
2021-12-08,207.66000366210938,209.47999572753906,205.7100067138672,208.99000549316406,205.78680419921875,11749200,V
2021-12-09,208.52000427246094,212.1999969482422,207.1699981689453,211.38999938964844,208.15000915527344,10176800,V
2021-12-10,211.89999389648438,214.25,210.86000061035156,213.39999389648438,210.12921142578125,8882700,V
2021-12-13,212.4499969482422,213.32000732421875,209.97999572753906,211.02000427246094,207.78570556640625,8844300,V
2021-12-14,210.72999572753906,213.3699951171875,208.4499969482422,209.97999572753906,206.7616424560547,9832300,V
2021-12-15,209.39999389648438,212.49000549316406,207.86000061035156,212.30999755859375,209.055908203125,10892500,V
2021-12-16,215.2899932861328,216.27000427246094,211.61000061035156,214.3699951171875,211.0843505859375,8548400,V
2021-12-17,212.8000030517578,213.2100067138672,207.7899932861328,211.8800048828125,208.63250732421875,11578400,V
2021-12-20,209.08999633789062,209.77000427246094,206.86000061035156,208.74000549316406,205.54063415527344,9434400,V
2021-12-21,210.61000061035156,216.16000366210938,210.36000061035156,215.3800048828125,212.07884216308594,6993700,V
2021-12-22,213.85000610351562,218.94000244140625,213.85000610351562,217.9600067138672,214.6193389892578,6003400,V
2021-12-23,218.44000244140625,218.52000427246094,216.6199951171875,216.6199951171875,213.29986572265625,4798200,V
2021-12-27,217.67999267578125,218.1199951171875,214.8800048828125,217.6300048828125,214.29440307617188,4818400,V
2021-12-28,216.00999450683594,219.72999572753906,215.5800018310547,218.0500030517578,214.70794677734375,4279800,V
2021-12-29,217.75999450683594,218.94000244140625,217.3300018310547,218.1699981689453,214.8260955810547,3223100,V
2021-12-30,217.97000122070312,219.14999389648438,217.14999389648438,217.8699951171875,214.5306854248047,3812800,V
2021-12-31,216.80999755859375,217.97999572753906,215.49000549316406,216.7100067138672,213.38848876953125,4723300,V
2022-01-03,217.52000427246094,222.05999755859375,217.00999450683594,221.42999267578125,218.0361328125,7694500,V
2022-01-04,222.0,226.7899932861328,221.80999755859375,222.4600067138672,219.05035400390625,10629300,V
2022-01-05,222.63999938964844,225.27000427246094,219.9199981689453,220.0,216.62803649902344,9594600,V
2022-01-06,217.8000030517578,221.91000366210938,217.5500030517578,219.75,216.38189697265625,7877500,V
2022-01-07,217.30999755859375,220.1999969482422,215.63999938964844,216.9600067138672,213.63465881347656,10702100,V
2022-01-10,213.97999572753906,214.1999969482422,206.5,211.97000122070312,208.7211456298828,11978600,V
2022-01-11,211.4199981689453,214.9499969482422,208.74000549316406,214.3800048828125,211.0941925048828,8803100,V
2022-01-12,214.47999572753906,217.5800018310547,213.80999755859375,215.7100067138672,212.40380859375,6923300,V
2022-01-13,216.85000610351562,220.47999572753906,214.66000366210938,215.0,211.70468139648438,8867700,V
2022-01-14,214.1699981689453,218.25,213.7100067138672,214.6699981689453,211.37974548339844,8838100,V
2022-01-18,215.8800048828125,216.91000366210938,214.3300018310547,215.7100067138672,212.40380859375,9099300,V
2022-01-19,213.0,218.22999572753906,212.11000061035156,214.67999267578125,211.3895721435547,9399800,V
2022-01-20,214.72000122070312,219.60000610351562,213.94000244140625,214.35000610351562,211.0646514892578,8532700,V
2022-01-21,215.4600067138672,215.60000610351562,205.82000732421875,205.92999267578125,202.77369689941406,16200200,V
2022-01-24,202.17999267578125,202.72000122070312,195.64999389648438,201.85000610351562,198.75624084472656,16054000,V
2022-01-25,199.6199951171875,205.3800048828125,196.99000549316406,202.0,198.9039306640625,12125500,V
2022-01-26,204.27999877929688,210.86000061035156,203.6699981689453,205.8699951171875,202.71463012695312,10817600,V
2022-01-27,209.5,210.9600067138672,205.85000610351562,206.14999389648438,202.9903106689453,12009800,V
2022-01-28,220.63999938964844,228.1199951171875,216.10000610351562,228.0,224.5054168701172,26425300,V
2022-01-31,225.5500030517578,226.3800048828125,222.0500030517578,226.1699981689453,222.70346069335938,12380600,V
2022-02-01,226.89999389648438,234.61000061035156,226.4199981689453,232.36000061035156,228.79859924316406,12247200,V
2022-02-02,231.3000030517578,235.85000610351562,230.00999450683594,235.4199981689453,231.81170654296875,10590500,V
2022-02-03,233.0399932861328,233.49000549316406,230.5500030517578,231.5399932861328,227.99118041992188,9968000,V
2022-02-04,228.5,230.22000122070312,224.9499969482422,228.38999938964844,224.8894500732422,10848100,V
2022-02-07,228.0,229.9199981689453,226.00999450683594,227.16000366210938,223.67831420898438,5984500,V
2022-02-08,226.25999450683594,228.5,224.75,227.94000244140625,224.44638061523438,7542000,V
2022-02-09,230.1300048828125,233.14999389648438,230.1199951171875,230.8699951171875,227.33145141601562,7772800,V
2022-02-10,228.02999877929688,229.9499969482422,224.8699951171875,225.58999633789062,222.4937744140625,6794600,V
2022-02-11,227.25,229.10000610351562,223.5399932861328,224.69000244140625,221.6061248779297,7535200,V
2022-02-14,223.2899932861328,227.25999450683594,222.80999755859375,225.33999633789062,222.24717712402344,8280800,V
2022-02-15,227.27000427246094,229.2899932861328,224.91000366210938,227.82000732421875,224.6931610107422,9461700,V
2022-02-16,227.5,229.8800048828125,225.60000610351562,228.82000732421875,225.67945861816406,9561300,V
2022-02-17,228.39999389648438,228.80999755859375,224.1699981689453,224.61000061035156,221.5272216796875,8131200,V
2022-02-18,224.60000610351562,225.74000549316406,221.83999633789062,222.69000244140625,219.63356018066406,8121200,V
2022-02-22,221.02000427246094,224.33999633789062,219.9199981689453,221.32000732421875,218.2823944091797,9928800,V
2022-02-23,222.83999633789062,224.27999877929688,215.4199981689453,215.9499969482422,212.986083984375,8669900,V
2022-02-24,203.3699951171875,217.86000061035156,201.4499969482422,217.3000030517578,214.31756591796875,13463400,V
2022-02-25,217.2899932861328,220.67999267578125,214.25,219.27000427246094,216.26051330566406,8463600,V
2022-02-28,216.0,218.64999389648438,213.24000549316406,216.1199951171875,213.1537322998047,8409400,V
2022-03-01,214.47999572753906,215.14999389648438,207.27999877929688,208.97000122070312,206.1018829345703,9317800,V
2022-03-02,206.89999389648438,210.5399932861328,206.19000244140625,208.47999572753906,205.6186065673828,8865700,V
2022-03-03,210.5500030517578,211.5,206.55999755859375,207.22999572753906,204.38575744628906,8610000,V
2022-03-04,205.0,206.3699951171875,196.86000061035156,200.2899932861328,197.54100036621094,10912300,V
2022-03-07,199.83999633789062,200.17999267578125,190.0500030517578,190.6999969482422,188.08262634277344,13412400,V
2022-03-08,190.00999450683594,196.4199981689453,186.6699981689453,191.7100067138672,189.0787811279297,11070900,V
2022-03-09,196.5,200.5,195.24000549316406,199.75999450683594,197.01828002929688,8457600,V
2022-03-10,196.89999389648438,199.94000244140625,196.3000030517578,197.97000122070312,195.25286865234375,7061600,V
2022-03-11,200.75,200.83999633789062,196.4600067138672,196.7100067138672,194.01014709472656,5432100,V
2022-03-14,198.4199981689453,204.42999267578125,198.16000366210938,200.3300018310547,197.5804901123047,7994700,V
2022-03-15,202.08999633789062,206.41000366210938,201.39999389648438,206.13999938964844,203.3107147216797,8277700,V
2022-03-16,210.0,213.6699981689453,207.0,211.8699951171875,208.96205139160156,9232300,V
2022-03-17,209.92999267578125,213.5399932861328,208.72000122070312,213.4499969482422,210.52040100097656,6668500,V
2022-03-18,211.6999969482422,219.25999450683594,210.2899932861328,219.11000061035156,216.1027069091797,14620800,V
2022-03-21,216.33999633789062,218.05999755859375,214.5500030517578,217.0399932861328,214.06112670898438,6101500,V
2022-03-22,217.83999633789062,219.57000732421875,217.17999267578125,218.47000122070312,215.4714813232422,6259900,V
2022-03-23,215.3000030517578,217.2899932861328,214.1999969482422,214.67999267578125,211.73348999023438,6008000,V
2022-03-24,214.99000549316406,217.66000366210938,214.0,217.30999755859375,214.327392578125,5487000,V
2022-03-25,218.4199981689453,218.92999267578125,215.69000244140625,218.42999267578125,215.4320068359375,5051400,V
2022-03-28,218.5,220.97999572753906,217.50999450683594,220.77000427246094,217.7399139404297,4316800,V
2022-03-29,224.83999633789062,228.80999755859375,223.77999877929688,228.1199951171875,224.98904418945312,8032500,V
2022-03-30,225.83999633789062,226.16000366210938,222.72999572753906,223.9499969482422,220.87628173828125,7084000,V
2022-03-31,223.91000366210938,225.9199981689453,220.44000244140625,221.77000427246094,218.72621154785156,10759500,V
2022-04-01,223.0800018310547,226.6300048828125,222.22999572753906,226.36000061035156,223.25320434570312,6559600,V
2022-04-04,225.75999450683594,229.24000549316406,224.9600067138672,227.74000549316406,224.6142578125,8521200,V
2022-04-05,226.8300018310547,228.99000549316406,225.30999755859375,226.08999633789062,222.9868927001953,4658000,V
2022-04-06,222.77999877929688,222.8699951171875,218.6199951171875,219.00999450683594,216.0040740966797,7430000,V
2022-04-07,218.30999755859375,218.67999267578125,213.67999267578125,216.14999389648438,213.18331909179688,6995100,V
2022-04-08,214.80999755859375,219.41000366210938,213.0800018310547,216.97999572753906,214.00193786621094,5438600,V
2022-04-11,215.25,217.3000030517578,213.41000366210938,214.75,211.80255126953125,6942700,V
2022-04-12,216.5,216.99000549316406,210.6999969482422,211.39999389648438,208.49853515625,7446600,V
2022-04-13,210.42999267578125,213.85000610351562,207.1699981689453,213.27000427246094,210.3428497314453,8052900,V
2022-04-14,214.27000427246094,215.9499969482422,212.52999877929688,212.7899932861328,209.86941528320312,8191600,V
2022-04-18,211.6699981689453,215.8300018310547,211.52000427246094,213.1699981689453,210.2442169189453,4744400,V
2022-04-19,213.10000610351562,216.50999450683594,212.44000244140625,215.6999969482422,212.739501953125,5028800,V
2022-04-20,218.66000366210938,220.82000732421875,217.38999938964844,217.7899932861328,214.80081176757812,7178300,V
2022-04-21,219.50999450683594,223.9199981689453,215.35000610351562,216.4499969482422,213.47921752929688,8850300,V
2022-04-22,216.24000549316406,216.55999755859375,207.9499969482422,208.1699981689453,205.31285095214844,6201100,V
2022-04-25,206.35000610351562,210.52999877929688,205.3300018310547,209.9499969482422,207.0684051513672,6839400,V
2022-04-26,206.97999572753906,208.55999755859375,201.10000610351562,201.10000610351562,198.3398895263672,8155300,V
2022-04-27,217.3699951171875,221.8000030517578,213.0500030517578,214.11000061035156,211.1713409423828,15955800,V
2022-04-28,220.39999389648438,224.92999267578125,219.27000427246094,220.66000366210938,217.6314239501953,10799100,V
2022-04-29,218.6199951171875,221.1999969482422,212.35000610351562,213.1300048828125,210.20477294921875,7965000,V
2022-05-02,211.77000427246094,212.13999938964844,206.9600067138672,211.52999877929688,208.6267547607422,8803700,V
2022-05-03,213.61000061035156,213.61000061035156,206.27000427246094,208.55999755859375,205.69749450683594,6616900,V
2022-05-04,209.35000610351562,214.8000030517578,205.3300018310547,214.52000427246094,211.57571411132812,7191100,V
2022-05-05,212.27000427246094,214.5800018310547,203.07000732421875,205.24000549316406,202.42306518554688,7749600,V
2022-05-06,203.75,205.72000122070312,200.22000122070312,202.82000732421875,200.03628540039062,8825300,V
2022-05-09,200.0500030517578,200.75,192.0800018310547,193.0,190.35107421875,10314100,V
2022-05-10,196.7100067138672,197.75,190.97000122070312,193.5800018310547,190.923095703125,11016500,V
2022-05-11,193.49000549316406,198.32000732421875,191.39999389648438,196.72000122070312,194.02001953125,9427300,V
2022-05-12,194.52999877929688,196.05999755859375,189.9499969482422,193.97000122070312,191.6731414794922,9308600,V
2022-05-13,197.0,200.5399932861328,196.5,199.22999572753906,196.870849609375,6684500,V
2022-05-16,197.32000732421875,199.94000244140625,195.8800048828125,197.80999755859375,195.46768188476562,5161300,V
2022-05-17,202.85000610351562,204.8000030517578,200.14999389648438,204.0,201.5843505859375,7265600,V
2022-05-18,202.82000732421875,205.4600067138672,199.1300048828125,199.99000549316406,197.62184143066406,8748200,V
2022-05-19,196.35000610351562,200.4199981689453,193.30999755859375,197.3699951171875,195.0328826904297,9012400,V
2022-05-20,199.6699981689453,201.66000366210938,194.02000427246094,199.02999877929688,196.6732177734375,6966600,V
2022-05-23,200.8800048828125,207.9600067138672,200.77000427246094,207.55999755859375,205.1022186279297,12187400,V
2022-05-24,203.91000366210938,204.6699981689453,199.02999877929688,202.6300048828125,200.2305908203125,7458500,V
2022-05-25,200.58999633789062,204.9499969482422,200.47000122070312,203.83999633789062,201.42625427246094,5457200,V
2022-05-26,205.11000061035156,209.74000549316406,204.6699981689453,208.5500030517578,206.08050537109375,9212300,V
2022-05-27,210.0,213.22999572753906,209.63999938964844,212.8800048828125,210.3592071533203,4897200,V
2022-05-31,210.3800048828125,214.35000610351562,209.11000061035156,212.1699981689453,209.65762329101562,9586400,V
2022-06-01,212.0500030517578,214.11000061035156,208.82000732421875,209.92999267578125,207.4441375732422,5246100,V
2022-06-02,211.88999938964844,215.25,211.0800018310547,215.0500030517578,212.50352478027344,5337200,V
2022-06-03,212.9499969482422,214.2100067138672,211.27000427246094,212.64999389648438,210.13194274902344,4352500,V
2022-06-06,215.4499969482422,217.5800018310547,212.08999633789062,212.94000244140625,210.41851806640625,3965100,V
2022-06-07,211.1199951171875,214.97000122070312,210.72000122070312,214.5,211.9600372314453,4493300,V
2022-06-08,213.75999450683594,215.57000732421875,212.8300018310547,213.5,210.9718780517578,3646300,V
2022-06-09,212.58999633789062,213.7100067138672,206.02000427246094,206.11000061035156,203.66937255859375,5138600,V
2022-06-10,201.64999389648438,203.4199981689453,199.17999267578125,199.50999450683594,197.1475067138672,5162500,V
2022-06-13,192.99000549316406,195.88999938964844,191.0800018310547,192.25999450683594,189.98336791992188,7119200,V
2022-06-14,192.72000122070312,194.33999633789062,191.75,193.52000427246094,191.2284698486328,6441200,V
2022-06-15,195.97999572753906,198.8300018310547,192.22999572753906,196.16000366210938,193.8372039794922,6490000,V
2022-06-16,191.41000366210938,191.8699951171875,187.52999877929688,189.0500030517578,186.81138610839844,9887200,V
2022-06-17,186.92999267578125,191.30999755859375,185.91000366210938,190.00999450683594,187.76002502441406,15089300,V
2022-06-21,195.7100067138672,196.72999572753906,193.72999572753906,194.38999938964844,192.08815002441406,6241600,V
2022-06-22,191.25,196.38999938964844,191.02999877929688,193.82000732421875,191.52490234375,5138500,V
2022-06-23,196.13999938964844,197.4600067138672,193.4499969482422,196.63999938964844,194.3115234375,4752800,V
2022-06-24,197.72999572753906,205.63999938964844,197.50999450683594,205.50999450683594,203.0764617919922,7754800,V
2022-06-27,205.75,207.08999633789062,202.61000061035156,203.55999755859375,201.14956665039062,6121200,V
2022-06-28,204.0,206.7899932861328,197.5,198.1199951171875,195.77398681640625,4354200,V
2022-06-29,197.32000732421875,200.63999938964844,197.32000732421875,199.5,197.1376495361328,4324600,V
2022-06-30,195.3699951171875,198.85000610351562,192.85000610351562,196.88999938964844,194.55856323242188,7045200,V
2022-07-01,196.7899932861328,199.8000030517578,194.7100067138672,199.17999267578125,196.82142639160156,4131800,V
2022-07-05,196.22999572753906,200.57000732421875,194.13999938964844,200.5399932861328,198.1653289794922,4110200,V
2022-07-06,200.0,202.50999450683594,198.6699981689453,201.1199951171875,198.7384490966797,4111200,V
2022-07-07,202.5399932861328,203.42999267578125,200.0399932861328,202.8000030517578,200.39857482910156,4650700,V
2022-07-08,202.32000732421875,204.10000610351562,200.4600067138672,203.57000732421875,201.1594696044922,3621800,V
2022-07-11,202.0,206.74000549316406,202.0,205.05999755859375,202.63180541992188,5353600,V
2022-07-12,203.25,208.1199951171875,202.75999450683594,204.82000732421875,202.3946533203125,6779500,V
2022-07-13,200.42999267578125,205.57000732421875,199.5,204.14999389648438,201.7325897216797,7597300,V
2022-07-14,200.0,206.0800018310547,197.97999572753906,205.91000366210938,203.47174072265625,5605500,V
2022-07-15,209.3699951171875,211.7100067138672,207.17999267578125,210.0399932861328,207.55284118652344,7245700,V
2022-07-18,211.5,212.91000366210938,206.63999938964844,207.2100067138672,204.75636291503906,4648900,V
2022-07-19,208.22000122070312,214.11000061035156,207.89999389648438,213.66000366210938,211.1300048828125,4927100,V
2022-07-20,212.0,214.1300048828125,211.2100067138672,213.3699951171875,210.84341430664062,4460300,V
2022-07-21,213.14999389648438,216.89999389648438,212.72999572753906,216.19000244140625,213.63002014160156,4801300,V
2022-07-22,217.92999267578125,218.07000732421875,212.1199951171875,213.6999969482422,211.16949462890625,5071500,V
2022-07-25,214.5800018310547,214.8000030517578,211.6199951171875,214.27000427246094,211.73277282714844,4357200,V
2022-07-26,213.85000610351562,215.14999389648438,211.75,212.49000549316406,209.9738311767578,6141000,V
2022-07-27,210.77000427246094,216.85000610351562,201.1999969482422,210.47000122070312,207.97772216796875,17432200,V
2022-07-28,210.63999938964844,212.72000122070312,207.9199981689453,211.35000610351562,208.8473358154297,7477100,V
2022-07-29,212.0,214.16000366210938,209.8300018310547,212.11000061035156,209.59832763671875,6059700,V
2022-08-01,208.4499969482422,213.99000549316406,207.55999755859375,211.36000061035156,208.85723876953125,8028400,V
2022-08-02,207.8000030517578,208.83999633789062,203.92999267578125,206.25999450683594,203.81759643554688,9939400,V
2022-08-03,207.99000549316406,210.3300018310547,206.8800048828125,208.47999572753906,206.01132202148438,9520100,V
2022-08-04,210.52999877929688,214.8800048828125,208.5500030517578,213.47000122070312,210.9422149658203,6789700,V
2022-08-05,210.7100067138672,215.9499969482422,210.5,215.8699951171875,213.31381225585938,5553700,V
2022-08-08,215.22999572753906,216.6300048828125,212.0500030517578,213.32000732421875,210.79400634765625,4063400,V
2022-08-09,212.0,213.4499969482422,209.75,210.25999450683594,207.7702178955078,4596800,V
2022-08-10,214.8300018310547,214.83999633789062,211.30999755859375,212.10000610351562,209.58847045898438,5746400,V
2022-08-11,213.2899932861328,213.5,210.58999633789062,211.0800018310547,208.949951171875,6639600,V
2022-08-12,213.0,213.22000122070312,210.10000610351562,211.3300018310547,209.1974334716797,6443700,V
2022-08-15,210.3699951171875,216.74000549316406,210.3699951171875,216.4199981689453,214.23606872558594,5290600,V
2022-08-16,214.5500030517578,217.61000061035156,212.1300048828125,217.13999938964844,214.94882202148438,6564400,V
2022-08-17,215.0,216.17999267578125,212.75,214.52000427246094,212.3552703857422,4902500,V
2022-08-18,213.8699951171875,216.0,212.42999267578125,215.25,213.07786560058594,4516400,V
2022-08-19,214.11000061035156,215.22999572753906,212.38999938964844,212.82000732421875,210.67239379882812,4178800,V
2022-08-22,209.94000244140625,211.25,208.1999969482422,208.61000061035156,206.5048828125,5139500,V
2022-08-23,208.0,209.3000030517578,206.52999877929688,206.8000030517578,204.71316528320312,3525500,V
2022-08-24,206.6300048828125,208.35000610351562,205.67999267578125,206.6699981689453,204.58447265625,4230800,V
2022-08-25,207.38999938964844,209.91000366210938,206.5,209.82000732421875,207.70269775390625,4495000,V
2022-08-26,209.77000427246094,210.25999450683594,202.6999969482422,202.88999938964844,200.84262084960938,5060200,V
2022-08-29,201.25,203.9600067138672,200.6199951171875,202.3300018310547,200.2882537841797,4476200,V
2022-08-30,203.9199981689453,204.41000366210938,200.2100067138672,201.3800048828125,199.34783935546875,3918200,V
2022-08-31,201.0,203.1699981689453,198.63999938964844,198.7100067138672,196.7047882080078,6559000,V
2022-09-01,198.72000122070312,200.42999267578125,196.66000366210938,200.1300048828125,198.1104736328125,5608300,V
2022-09-02,202.44000244140625,202.47999572753906,196.85000610351562,197.75999450683594,195.76437377929688,4508100,V
2022-09-06,197.89999389648438,200.0399932861328,196.39999389648438,198.63999938964844,196.63551330566406,4547800,V
2022-09-07,198.7100067138672,201.13999938964844,197.22000122070312,200.4199981689453,198.3975372314453,4098300,V
2022-09-08,197.39999389648438,201.11000061035156,196.9600067138672,200.7100067138672,198.68460083007812,4377600,V
2022-09-09,202.07000732421875,206.39999389648438,201.35000610351562,205.1999969482422,203.12930297851562,4885600,V
2022-09-12,206.5,207.19000244140625,204.9499969482422,206.6300048828125,204.54486083984375,3812300,V
2022-09-13,202.0500030517578,203.47000122070312,198.8699951171875,199.6699981689453,197.6551055908203,5217900,V
2022-09-14,200.0,200.8800048828125,198.05999755859375,199.41000366210938,197.39773559570312,4632800,V
2022-09-15,198.08999633789062,200.30999755859375,194.52999877929688,195.3699951171875,193.3984832763672,6099300,V
2022-09-16,190.22000122070312,193.82000732421875,188.22000122070312,193.3000030517578,191.34938049316406,9398200,V
2022-09-19,191.58999633789062,193.99000549316406,190.7100067138672,193.1300048828125,191.1811065673828,8133600,V
2022-09-20,191.10000610351562,193.02999877929688,190.2899932861328,192.07000732421875,190.1317901611328,5292500,V
2022-09-21,192.52999877929688,193.08999633789062,187.0,187.02000427246094,185.1327667236328,6705900,V
2022-09-22,186.35000610351562,187.2100067138672,184.66000366210938,185.7899932861328,183.9151611328125,6604700,V
2022-09-23,183.47000122070312,184.5800018310547,182.22999572753906,183.9600067138672,182.10362243652344,10755800,V
2022-09-26,183.0399932861328,184.5,179.89999389648438,180.58999633789062,178.7676544189453,9914600,V
2022-09-27,182.50999450683594,184.85000610351562,177.02000427246094,177.8699951171875,176.0750732421875,9799600,V
2022-09-28,177.25999450683594,180.10000610351562,174.8300018310547,179.17999267578125,177.37185668945312,9751000,V
2022-09-29,178.8300018310547,182.24000549316406,178.72999572753906,180.05999755859375,178.2429962158203,9105200,V
2022-09-30,180.05999755859375,182.9199981689453,177.60000610351562,177.64999389648438,175.8572998046875,9472300,V
2022-10-03,179.33999633789062,183.36000061035156,178.14999389648438,181.64999389648438,179.81692504882812,8842300,V
2022-10-04,185.0500030517578,186.2100067138672,183.07000732421875,185.64999389648438,183.7765655517578,7081400,V
2022-10-05,183.33999633789062,188.82000732421875,182.36000061035156,187.6699981689453,185.7761993408203,6119900,V
2022-10-06,186.64999389648438,188.0500030517578,185.25,185.58999633789062,183.71719360351562,5163000,V
2022-10-07,183.4499969482422,184.61000061035156,181.92999267578125,183.8300018310547,181.97494506835938,5610300,V
2022-10-10,184.1300048828125,184.77999877929688,180.89999389648438,182.17999267578125,180.34158325195312,4743800,V
2022-10-11,180.3699951171875,181.63999938964844,178.19000244140625,179.13999938964844,177.332275390625,6294500,V
2022-10-12,179.08999633789062,180.58999633789062,178.22000122070312,178.24000549316406,176.4413604736328,4884300,V
2022-10-13,175.0,185.3699951171875,174.60000610351562,184.66000366210938,182.7965850830078,8426400,V
2022-10-14,186.7899932861328,187.1300048828125,182.07000732421875,182.6199951171875,180.7771453857422,6449400,V
2022-10-17,186.0,188.57000732421875,182.85000610351562,185.25,183.380615234375,13952100,V
2022-10-18,189.49000549316406,190.19000244140625,185.74000549316406,187.1699981689453,185.28125,5209200,V
2022-10-19,185.49000549316406,187.63999938964844,184.75999450683594,186.41000366210938,184.52891540527344,4927000,V
2022-10-20,186.4600067138672,190.97999572753906,186.42999267578125,187.22000122070312,185.33071899414062,5706700,V
2022-10-21,185.8000030517578,190.9499969482422,185.0500030517578,190.3699951171875,188.44895935058594,7582500,V
2022-10-24,191.41000366210938,193.1300048828125,189.10000610351562,190.7100067138672,188.7855224609375,7299200,V
2022-10-25,190.8699951171875,195.22999572753906,190.72000122070312,194.3800048828125,192.4185028076172,11907200,V
2022-10-26,196.5800018310547,206.3699951171875,196.5,203.3300018310547,201.27816772460938,15450000,V
2022-10-27,203.32000732421875,206.32000732421875,201.58999633789062,204.2899932861328,202.22848510742188,7946700,V
2022-10-28,205.0,211.52000427246094,203.30999755859375,209.33999633789062,207.22752380371094,8455600,V
2022-10-31,208.9199981689453,209.6199951171875,206.1999969482422,207.16000366210938,205.0695343017578,8674100,V
2022-11-01,208.91000366210938,209.97000122070312,205.3300018310547,206.92999267578125,204.8418426513672,5919500,V
2022-11-02,205.75999450683594,207.0,200.5800018310547,200.9499969482422,198.92218017578125,6985600,V
2022-11-03,198.27999877929688,198.85000610351562,194.17999267578125,194.75,192.78475952148438,8236200,V
2022-11-04,197.0,201.4499969482422,195.33999633789062,196.97999572753906,194.9922332763672,9680100,V
2022-11-07,198.32000732421875,200.44000244140625,197.1699981689453,200.10000610351562,198.0807647705078,7821300,V
2022-11-08,201.66000366210938,204.1199951171875,199.74000549316406,201.77999877929688,199.74380493164062,6943700,V
2022-11-09,200.6999969482422,201.3300018310547,193.3300018310547,193.92999267578125,192.402099609375,7320200,V
2022-11-10,203.08999633789062,205.75999450683594,200.02000427246094,205.57000732421875,203.95040893554688,8048900,V
2022-11-11,206.0,206.42999267578125,202.14999389648438,205.0,203.38490295410156,9601000,V
2022-11-14,203.5,209.1699981689453,203.2100067138672,206.86000061035156,205.23023986816406,5796100,V
2022-11-15,209.99000549316406,213.72999572753906,207.50999450683594,209.99000549316406,208.33558654785156,7316100,V
2022-11-16,208.5800018310547,210.88999938964844,208.22000122070312,210.13999938964844,208.4844207763672,6125300,V
2022-11-17,207.9600067138672,211.27999877929688,207.32000732421875,210.99000549316406,209.3277130126953,5385600,V
2022-11-18,213.1699981689453,214.1699981689453,209.74000549316406,210.8000030517578,209.1392059326172,8028500,V
2022-11-21,210.3000030517578,210.5500030517578,205.88999938964844,206.32000732421875,204.6945037841797,10450900,V
2022-11-22,207.5399932861328,210.47999572753906,205.35000610351562,210.3300018310547,208.6728973388672,5273100,V
2022-11-23,210.0,212.8300018310547,209.9199981689453,211.72999572753906,210.06187438964844,3807300,V
2022-11-25,211.7100067138672,214.0,211.38999938964844,213.7899932861328,212.1056365966797,1993500,V
2022-11-28,212.25999450683594,214.47000122070312,210.64999389648438,211.25999450683594,209.59556579589844,10229400,V
2022-11-29,209.35000610351562,210.14999389648438,207.35000610351562,209.05999755859375,207.4129180908203,8986900,V
2022-11-30,208.22000122070312,217.0,208.00999450683594,217.0,215.29034423828125,13918100,V
2022-12-01,217.0,218.64999389648438,215.3000030517578,217.0,215.29034423828125,11261500,V
2022-12-02,215.72999572753906,218.47999572753906,214.24000549316406,217.66000366210938,215.94515991210938,5132800,V
2022-12-05,215.64999389648438,216.91000366210938,213.0500030517578,213.67999267578125,211.99652099609375,9006300,V
2022-12-06,212.0,212.1300048828125,207.63999938964844,209.0800018310547,207.4327392578125,5986000,V
2022-12-07,208.8000030517578,209.02000427246094,205.1300048828125,207.80999755859375,206.1727752685547,7923800,V
2022-12-08,209.50999450683594,210.3000030517578,207.75,209.10000610351562,207.45262145996094,4896500,V
2022-12-09,207.91000366210938,210.52000427246094,207.52000427246094,208.6999969482422,207.05575561523438,4928400,V
2022-12-12,210.0,214.82000732421875,209.47000122070312,214.58999633789062,212.89935302734375,5941700,V
2022-12-13,219.5399932861328,219.97999572753906,212.6199951171875,213.0399932861328,211.36154174804688,14585000,V
2022-12-14,212.85000610351562,216.27999877929688,211.6300048828125,213.32000732421875,211.6393585205078,7001700,V
2022-12-15,209.60000610351562,211.82000732421875,206.82000732421875,207.91000366210938,206.27197265625,10831800,V
2022-12-16,207.49000549316406,208.39999389648438,205.3000030517578,206.88999938964844,205.260009765625,12472900,V
2022-12-19,206.6300048828125,207.47000122070312,203.9499969482422,204.82000732421875,203.20631408691406,4893600,V
2022-12-20,203.8800048828125,206.52999877929688,203.5500030517578,205.36000061035156,203.7420654296875,5024900,V
2022-12-21,206.57000732421875,207.9600067138672,205.5800018310547,206.80999755859375,205.18064880371094,4086900,V
2022-12-22,205.75,206.64999389648438,202.1300048828125,205.05999755859375,203.44442749023438,5690300,V
2022-12-23,204.1300048828125,206.24000549316406,203.52000427246094,205.8300018310547,204.20835876464844,3246000,V
2022-12-27,205.9199981689453,206.8800048828125,204.60000610351562,206.2899932861328,204.6647491455078,2904900,V
2022-12-28,206.67999267578125,208.52999877929688,204.8000030517578,204.99000549316406,203.37498474121094,3139200,V
2022-12-29,205.9499969482422,208.52999877929688,205.5,208.05999755859375,206.42080688476562,3675500,V
2022-12-30,206.30999755859375,208.0399932861328,205.6999969482422,207.75999450683594,206.12315368652344,4159400,V
2023-01-03,209.27999877929688,212.3300018310547,206.16000366210938,207.38999938964844,205.7560577392578,4202800,V
2023-01-04,209.6199951171875,213.1999969482422,209.6199951171875,212.61000061035156,210.93495178222656,6606200,V
2023-01-05,213.8000030517578,214.16000366210938,210.4600067138672,211.11000061035156,209.44676208496094,5246000,V
2023-01-06,214.0,218.13999938964844,213.08999633789062,217.75,216.03445434570312,6829700,V
2023-01-09,219.07000732421875,222.2100067138672,218.35000610351562,218.60000610351562,216.8777618408203,6294500,V
2023-01-10,218.99000549316406,222.38999938964844,218.17999267578125,221.08999633789062,219.34812927246094,10857000,V
2023-01-11,221.2899932861328,222.17999267578125,219.6999969482422,222.10000610351562,220.3501739501953,5408200,V
2023-01-12,222.10000610351562,223.80999755859375,220.61000061035156,223.6199951171875,221.8582000732422,4264400,V
2023-01-13,221.91000366210938,223.75999450683594,220.13999938964844,223.05999755859375,221.3026123046875,4283200,V
2023-01-17,222.3800048828125,224.39999389648438,222.3699951171875,223.0,221.2430877685547,6101100,V
2023-01-18,224.0800018310547,224.99000549316406,219.44000244140625,219.4600067138672,217.7310028076172,6558000,V
2023-01-19,218.10000610351562,221.52000427246094,217.5,220.41000366210938,218.67349243164062,4853100,V
2023-01-20,221.13999938964844,224.42999267578125,220.41000366210938,224.30999755859375,222.5427703857422,5211000,V
2023-01-23,224.60000610351562,226.1999969482422,223.14999389648438,224.17999267578125,222.4137725830078,5501500,V
2023-01-24,222.02000427246094,230.0,216.6300048828125,223.88999938964844,222.12606811523438,5274900,V
2023-01-25,221.6199951171875,224.97000122070312,221.1699981689453,224.89999389648438,223.12811279296875,4729600,V
2023-01-26,226.0,227.0800018310547,223.6699981689453,224.7100067138672,222.93963623046875,7043400,V
2023-01-27,228.0,232.83999633789062,227.25,231.44000244140625,229.61659240722656,11382600,V
2023-01-30,230.1999969482422,230.4199981689453,227.92999267578125,229.10000610351562,227.29502868652344,5677400,V
2023-01-31,228.80999755859375,230.8000030517578,228.4499969482422,230.2100067138672,228.39627075195312,11294200,V
2023-02-01,229.3699951171875,232.66000366210938,227.8000030517578,230.89999389648438,229.08082580566406,5792700,V
2023-02-02,233.9600067138672,234.3000030517578,228.3699951171875,229.55999755859375,227.7513885498047,7190000,V
2023-02-03,228.69000244140625,230.86000061035156,227.63999938964844,230.1300048828125,228.31692504882812,5243600,V
2023-02-06,228.6999969482422,230.25999450683594,228.0399932861328,229.44000244140625,227.63235473632812,3402400,V
2023-02-07,228.02000427246094,232.1300048828125,227.9499969482422,231.32000732421875,229.49754333496094,4042600,V
2023-02-08,230.33999633789062,231.86000061035156,229.99000549316406,230.1999969482422,228.38636779785156,4978600,V
2023-02-09,232.41000366210938,232.47999572753906,229.1300048828125,229.35000610351562,227.9887237548828,5238400,V
2023-02-10,228.9600067138672,229.91000366210938,226.16000366210938,227.1999969482422,225.85150146484375,4509700,V
2023-02-13,226.8800048828125,229.8300018310547,226.27000427246094,228.8800048828125,227.5215301513672,4946700,V
2023-02-14,228.6699981689453,231.4199981689453,227.1699981689453,229.38999938964844,228.0284881591797,4829400,V
2023-02-15,227.58999633789062,229.07000732421875,226.8000030517578,228.9199981689453,227.561279296875,4407300,V
2023-02-16,226.07000732421875,228.36000061035156,225.6699981689453,225.8300018310547,224.4896240234375,3865900,V
2023-02-17,224.17999267578125,224.77000427246094,221.74000549316406,223.55999755859375,222.2330780029297,4520200,V
2023-02-21,220.16000366210938,222.44000244140625,219.99000549316406,220.6199951171875,219.31053161621094,7276100,V
2023-02-22,220.41000366210938,221.75,219.4499969482422,220.02000427246094,218.714111328125,4621800,V
2023-02-23,221.55999755859375,222.08999633789062,218.92999267578125,221.1300048828125,219.81752014160156,5533800,V
2023-02-24,218.47999572753906,220.24000549316406,217.4600067138672,219.5500030517578,218.2469024658203,4414400,V
2023-02-27,220.72999572753906,221.44000244140625,219.33999633789062,220.35000610351562,219.0421600341797,4255300,V
2023-02-28,220.0,221.77000427246094,219.5,219.94000244140625,218.63458251953125,5385400,V
2023-03-01,219.4600067138672,220.27000427246094,216.42999267578125,218.36000061035156,217.06396484375,4792700,V
2023-03-02,217.88999938964844,219.60000610351562,217.08999633789062,219.05999755859375,217.7598114013672,5539300,V
2023-03-03,220.1999969482422,224.02000427246094,219.89999389648438,223.77000427246094,222.4418487548828,6055400,V
2023-03-06,223.92999267578125,227.4199981689453,223.69000244140625,226.75,225.40415954589844,5737600,V
2023-03-07,226.75,227.3800048828125,223.0800018310547,223.1699981689453,221.84539794921875,4386800,V
2023-03-08,221.9600067138672,222.92999267578125,221.17999267578125,222.19000244140625,220.87123107910156,4194900,V
2023-03-09,221.39999389648438,224.3699951171875,219.66000366210938,220.00999450683594,218.70416259765625,5066700,V
2023-03-10,219.02999877929688,219.1199951171875,215.47999572753906,216.13999938964844,214.8571319580078,6638900,V
2023-03-13,214.6300048828125,217.85000610351562,212.5,214.47000122070312,213.19703674316406,6810800,V
2023-03-14,218.0,219.8699951171875,216.0399932861328,218.66000366210938,217.3621826171875,7985600,V
2023-03-15,214.41000366210938,216.91000366210938,213.6699981689453,216.3699951171875,215.0857696533203,8372200,V
2023-03-16,215.1699981689453,217.5800018310547,208.75999450683594,217.4499969482422,216.15936279296875,13674600,V
2023-03-17,214.8699951171875,218.66000366210938,214.8699951171875,217.38999938964844,216.09971618652344,18801200,V
2023-03-20,217.0,220.5500030517578,216.83999633789062,218.14999389648438,216.85520935058594,9817400,V
2023-03-21,221.33999633789062,222.50999450683594,218.67999267578125,221.9499969482422,220.6326446533203,8971400,V
2023-03-22,222.5,224.89999389648438,219.9199981689453,220.0399932861328,218.73397827148438,6700600,V
2023-03-23,220.44000244140625,225.25,220.25999450683594,222.58999633789062,221.26885986328125,6427700,V
2023-03-24,220.6699981689453,221.3300018310547,218.25,221.0399932861328,219.72804260253906,4791500,V
2023-03-27,222.58999633789062,224.0800018310547,221.38999938964844,221.80999755859375,220.4934844970703,7210900,V
2023-03-28,222.82000732421875,223.3300018310547,218.64999389648438,220.3300018310547,219.0222625732422,6418400,V
2023-03-29,222.2899932861328,223.5500030517578,220.9199981689453,223.3000030517578,221.97462463378906,4483000,V
2023-03-30,223.9199981689453,224.24000549316406,221.2100067138672,222.36000061035156,221.04022216796875,5383900,V
2023-03-31,223.60000610351562,225.83999633789062,223.2899932861328,225.4600067138672,224.121826171875,9509000,V
2023-04-03,225.22999572753906,229.16000366210938,224.1199951171875,229.0,227.64080810546875,6421500,V
2023-04-04,229.0,230.0500030517578,226.8300018310547,227.66000366210938,226.3087615966797,5254700,V
2023-04-05,226.77999877929688,228.47000122070312,226.5500030517578,228.1699981689453,226.8157196044922,4813600,V
2023-04-06,226.16000366210938,226.72999572753906,224.67999267578125,225.99000549316406,224.64866638183594,4285200,V
2023-04-10,225.55999755859375,226.47999572753906,224.32000732421875,226.42999267578125,225.08604431152344,4952200,V
2023-04-11,227.0,229.13999938964844,226.1999969482422,228.4499969482422,227.0940704345703,4513300,V
2023-04-12,229.92999267578125,231.58999633789062,227.3300018310547,227.80999755859375,226.45785522460938,4373000,V
2023-04-13,229.4600067138672,232.83999633789062,228.8000030517578,232.69000244140625,231.30889892578125,7615500,V
2023-04-14,232.99000549316406,234.99000549316406,232.24000549316406,234.02000427246094,232.6310272216797,9781300,V
2023-04-17,234.02000427246094,234.0500030517578,230.94000244140625,233.47999572753906,232.09422302246094,4865000,V
2023-04-18,233.75,234.3300018310547,231.69000244140625,233.60000610351562,232.2135009765625,4796200,V
2023-04-19,234.0,234.05999755859375,231.85000610351562,232.57000732421875,231.1896209716797,3833900,V
2023-04-20,232.4600067138672,234.6699981689453,231.5,234.60000610351562,233.2075653076172,4925700,V
2023-04-21,235.0,235.57000732421875,233.3800048828125,234.0500030517578,232.66082763671875,6771500,V
2023-04-24,234.22999572753906,235.14999389648438,231.50999450683594,232.75999450683594,231.37847900390625,9124100,V
2023-04-25,233.02000427246094,235.02000427246094,229.42999267578125,229.58999633789062,228.22731018066406,6076500,V
2023-04-26,231.22000122070312,232.77000427246094,226.72000122070312,228.14999389648438,226.7958526611328,8400400,V
2023-04-27,228.6699981689453,229.6300048828125,226.61000061035156,229.00999450683594,227.65074157714844,7128200,V
2023-04-28,228.64999389648438,233.57000732421875,228.05999755859375,232.72999572753906,231.34866333007812,11627900,V
2023-05-01,232.8699951171875,234.58999633789062,231.50999450683594,232.50999450683594,231.1299591064453,4571100,V
2023-05-02,231.9499969482422,232.3699951171875,226.2100067138672,226.97999572753906,225.63279724121094,5244000,V
2023-05-03,226.97999572753906,228.6699981689453,225.9199981689453,225.97999572753906,224.63873291015625,4093300,V
2023-05-04,224.83999633789062,226.05999755859375,223.47999572753906,225.60000610351562,224.260986328125,5648700,V
2023-05-05,228.33999633789062,232.33999633789062,227.2899932861328,231.77999877929688,230.404296875,6237000,V
2023-05-08,231.25,233.4499969482422,231.25,232.22999572753906,230.8516387939453,2938400,V
2023-05-09,231.0800018310547,234.08999633789062,230.82000732421875,233.25999450683594,231.87551879882812,4352100,V
2023-05-10,234.3000030517578,234.80999755859375,228.89999389648438,231.27000427246094,229.8973388671875,5245000,V
2023-05-11,230.75,231.52000427246094,228.27000427246094,231.00999450683594,230.08657836914062,3818000,V
2023-05-12,232.0,232.72999572753906,229.82000732421875,231.3800048828125,230.45509338378906,3430300,V
2023-05-15,231.19000244140625,232.8300018310547,230.5500030517578,232.80999755859375,231.87937927246094,2843200,V
2023-05-16,232.55999755859375,233.10000610351562,229.6300048828125,230.47000122070312,229.54873657226562,4289700,V
2023-05-17,232.72999572753906,233.88999938964844,230.5500030517578,232.64999389648438,231.7200164794922,4990100,V
2023-05-18,232.39999389648438,234.14999389648438,231.1300048828125,233.60000610351562,232.66622924804688,6621900,V
2023-05-19,234.0,234.33999633789062,231.94000244140625,233.30999755859375,232.37738037109375,5399100,V
2023-05-22,233.30999755859375,233.8699951171875,231.17999267578125,231.27999877929688,230.35549926757812,3987800,V
2023-05-23,229.27000427246094,229.49000549316406,223.66000366210938,224.5800018310547,223.68228149414062,8537200,V
2023-05-24,222.5500030517578,223.10000610351562,220.02999877929688,222.25,221.36158752441406,6730800,V
2023-05-25,222.4499969482422,224.69000244140625,220.49000549316406,223.3800048828125,222.48707580566406,6827600,V
2023-05-26,223.82000732421875,226.2100067138672,223.33999633789062,225.00999450683594,224.1105499267578,5067300,V
2023-05-30,225.00999450683594,225.47000122070312,219.75,221.63999938964844,220.7540283203125,6916000,V
2023-05-31,219.9600067138672,221.52999877929688,216.13999938964844,221.02999877929688,220.14646911621094,20460600,V
2023-06-01,222.72999572753906,226.7100067138672,222.42999267578125,226.5,225.5946044921875,7003600,V
2023-06-02,228.80999755859375,230.27000427246094,227.4199981689453,228.7899932861328,227.8754425048828,5895500,V
2023-06-05,227.91000366210938,228.3300018310547,225.30999755859375,226.77000427246094,225.863525390625,4858900,V
2023-06-06,226.69000244140625,229.25,226.16000366210938,228.22000122070312,227.30772399902344,6020100,V
2023-06-07,227.0,227.5500030517578,221.02000427246094,225.27000427246094,224.36952209472656,8517200,V
2023-06-08,225.08999633789062,225.13999938964844,222.41000366210938,223.0500030517578,222.1584014892578,6248200,V
2023-06-09,223.63999938964844,225.17999267578125,222.75999450683594,223.55999755859375,222.66635131835938,6385000,V
2023-06-12,224.41000366210938,226.4499969482422,223.6300048828125,226.1699981689453,225.2659149169922,8621100,V
2023-06-13,225.6199951171875,227.14999389648438,222.6300048828125,223.39999389648438,222.50698852539062,6868700,V
2023-06-14,223.74000549316406,225.47000122070312,222.5800018310547,223.44000244140625,222.54684448242188,9160700,V
2023-06-15,222.02000427246094,227.11000061035156,221.3699951171875,226.1699981689453,225.2659149169922,12534000,V
2023-06-16,226.4499969482422,229.8000030517578,226.0800018310547,228.91000366210938,227.99496459960938,13628500,V
2023-06-20,227.0,229.57000732421875,226.17999267578125,226.47000122070312,225.56472778320312,12312300,V
2023-06-21,226.1199951171875,228.6300048828125,224.97999572753906,227.25,226.3415985107422,7032100,V
2023-06-22,226.36000061035156,228.92999267578125,225.5,228.38999938964844,227.47705078125,6275500,V
2023-06-23,227.22000122070312,229.97999572753906,226.38999938964844,229.5500030517578,228.63241577148438,5422500,V
2023-06-26,229.44000244140625,230.10000610351562,226.1999969482422,226.3000030517578,225.39540100097656,5165400,V
2023-06-27,227.47999572753906,228.61000061035156,226.52000427246094,227.33999633789062,226.43124389648438,4628500,V
2023-06-28,227.5,228.05999755859375,226.02000427246094,227.9600067138672,227.04876708984375,5324500,V
2023-06-29,228.7899932861328,234.6999969482422,228.60000610351562,234.32000732421875,233.38336181640625,7118900,V
2023-06-30,236.27000427246094,238.27999877929688,235.9499969482422,237.47999572753906,236.5307159423828,6879100,V
2023-07-03,237.0,238.39999389648438,235.41000366210938,237.97000122070312,237.0187530517578,3087400,V
2023-07-05,234.41000366210938,240.0,233.99000549316406,239.4499969482422,238.4928436279297,7601200,V
2023-07-06,238.27000427246094,239.60000610351562,236.69000244140625,238.8800048828125,237.9251251220703,6441800,V
2023-07-07,236.72999572753906,238.44000244140625,236.1300048828125,236.4499969482422,235.5048370361328,5729200,V
2023-07-10,237.00999450683594,239.10000610351562,236.5,238.16000366210938,237.20799255371094,4858900,V
2023-07-11,238.80999755859375,240.6999969482422,238.1199951171875,240.5500030517578,239.58843994140625,3857100,V
2023-07-12,241.5500030517578,243.9499969482422,241.22999572753906,242.2100067138672,241.24180603027344,6116000,V
2023-07-13,243.7899932861328,244.27000427246094,243.14999389648438,243.30999755859375,242.33740234375,5819600,V
2023-07-14,244.72999572753906,244.74000549316406,241.9600067138672,243.16000366210938,242.18800354003906,4940600,V
2023-07-17,243.11000061035156,245.3699951171875,243.0,243.99000549316406,243.0146942138672,4328100,V
2023-07-18,243.10000610351562,243.17999267578125,237.67999267578125,240.77000427246094,239.80755615234375,7674700,V
2023-07-19,241.25,242.58999633789062,240.1199951171875,241.4199981689453,240.4549560546875,4835500,V
2023-07-20,241.16000366210938,241.61000061035156,239.07000732421875,239.6199951171875,238.6621551513672,4695000,V
2023-07-21,239.74000549316406,240.35000610351562,238.72999572753906,239.25,238.29364013671875,5426800,V
2023-07-24,239.67999267578125,241.27999877929688,238.19000244140625,240.74000549316406,239.77769470214844,6010000,V
2023-07-25,240.02000427246094,240.8000030517578,238.55999755859375,238.69000244140625,237.73587036132812,4997500,V
2023-07-26,231.4199981689453,238.85000610351562,227.67999267578125,237.10000610351562,236.15223693847656,7551400,V
2023-07-27,237.4199981689453,238.66000366210938,232.9600067138672,234.44000244140625,233.50286865234375,8160100,V
2023-07-28,234.5800018310547,235.8800048828125,233.7100067138672,235.75,234.80763244628906,6794800,V
2023-07-31,236.0,238.4199981689453,236.0,237.72999572753906,236.7797088623047,4799600,V
2023-08-01,237.13999938964844,240.72999572753906,237.0,239.77999877929688,238.82151794433594,4627300,V
2023-08-02,238.6300048828125,238.7899932861328,236.7899932861328,237.55999755859375,236.61038208007812,4868200,V
2023-08-03,236.0,239.0500030517578,235.25,238.75999450683594,237.80560302734375,5033800,V
2023-08-04,238.0,241.91000366210938,237.83999633789062,238.99000549316406,238.03468322753906,5167700,V
2023-08-07,239.22000122070312,242.17999267578125,239.2100067138672,241.50999450683594,240.5446014404297,5649800,V
2023-08-08,240.4199981689453,241.36000061035156,237.38999938964844,239.2899932861328,238.33346557617188,5080600,V
2023-08-09,240.5,241.97000122070312,239.49000549316406,239.75999450683594,238.80160522460938,4055000,V
2023-08-10,240.6199951171875,243.9499969482422,240.08999633789062,240.16000366210938,239.64979553222656,4778000,V
2023-08-11,240.0,240.72000122070312,238.4199981689453,240.0399932861328,239.53004455566406,3606800,V
2023-08-14,240.72000122070312,243.3300018310547,240.25999450683594,242.89999389648438,242.38397216796875,4351100,V
2023-08-15,242.00999450683594,242.6699981689453,239.35000610351562,239.8300018310547,239.32049560546875,3770100,V
2023-08-16,236.52999877929688,241.07000732421875,236.02000427246094,239.2899932861328,238.78163146972656,3218600,V
2023-08-17,240.0,240.3800048828125,236.49000549316406,237.3699951171875,236.86572265625,4177600,V
2023-08-18,235.5800018310547,239.0500030517578,235.3000030517578,238.1699981689453,237.6640167236328,4344800,V
2023-08-21,239.3800048828125,240.52999877929688,237.75999450683594,239.4600067138672,238.9512939453125,3573600,V
2023-08-22,240.0,241.42999267578125,238.6699981689453,240.57000732421875,240.05892944335938,3848700,V
2023-08-23,241.32000732421875,242.5399932861328,240.72000122070312,242.3000030517578,241.78524780273438,4947700,V
2023-08-24,242.25,243.55999755859375,239.36000061035156,239.47000122070312,238.9612579345703,4570700,V
2023-08-25,241.3800048828125,243.41000366210938,240.2100067138672,242.57000732421875,242.0546875,3541500,V
2023-08-28,243.00999450683594,245.22999572753906,242.60000610351562,243.8300018310547,243.31199645996094,3741500,V
2023-08-29,243.5,245.8300018310547,243.39999389648438,245.33999633789062,244.81878662109375,3975600,V
2023-08-30,246.4199981689453,248.22999572753906,246.0500030517578,246.22999572753906,245.70689392089844,4573300,V
2023-08-31,245.58999633789062,248.02000427246094,245.4499969482422,245.67999267578125,245.15806579589844,5532600,V
2023-09-01,247.47000122070312,248.8699951171875,246.77000427246094,248.11000061035156,247.58290100097656,4111800,V
2023-09-05,248.35000610351562,248.69000244140625,245.1999969482422,245.33999633789062,244.81878662109375,4459600,V
2023-09-06,245.4199981689453,246.66000366210938,244.2100067138672,246.16000366210938,245.63705444335938,4520300,V
2023-09-07,245.5,247.39999389648438,245.11000061035156,247.13999938964844,246.61497497558594,4007900,V
2023-09-08,247.7899932861328,248.13999938964844,246.44000244140625,247.2899932861328,246.7646484375,3309100,V
2023-09-11,247.3300018310547,248.36000061035156,246.27000427246094,247.22000122070312,246.69479370117188,2995800,V
2023-09-12,246.94000244140625,247.75999450683594,246.00999450683594,247.3000030517578,246.77462768554688,3499600,V
2023-09-13,247.14999389648438,250.05999755859375,246.61000061035156,247.8300018310547,247.30349731445312,5657000,V
2023-09-14,245.0,245.5399932861328,238.75,241.5,240.98695373535156,12000000,V
2023-09-15,241.89999389648438,244.10000610351562,240.02999877929688,241.07000732421875,240.55787658691406,13051300,V
2023-09-18,240.94000244140625,245.22999572753906,240.77000427246094,244.66000366210938,244.14024353027344,4771600,V
2023-09-19,245.0,245.1199951171875,241.4600067138672,243.55999755859375,243.04257202148438,4709000,V
2023-09-20,243.6300048828125,244.52999877929688,241.6699981689453,241.86000061035156,241.34619140625,5756600,V
2023-09-21,240.77000427246094,240.77999877929688,236.27000427246094,236.61000061035156,236.1073455810547,6881500,V
2023-09-22,236.75,237.7899932861328,234.8800048828125,235.0800018310547,234.58059692382812,5935500,V
2023-09-25,235.3800048828125,235.47000122070312,232.2100067138672,233.36000061035156,232.86424255371094,5921600,V
2023-09-26,231.92999267578125,232.6699981689453,229.60000610351562,229.64999389648438,229.16212463378906,6193200,V
2023-09-27,230.25999450683594,230.67999267578125,227.9199981689453,229.5,229.012451171875,6006700,V
2023-09-28,230.6699981689453,232.5399932861328,229.6699981689453,231.66000366210938,231.16786193847656,4203900,V
2023-09-29,232.83999633789062,233.02999877929688,229.64999389648438,230.00999450683594,229.52134704589844,6044200,V
2023-10-02,229.24000549316406,231.3699951171875,228.77000427246094,231.27000427246094,230.7786865234375,5175200,V
2023-10-03,230.47000122070312,231.75,227.77999877929688,228.80999755859375,228.32391357421875,5585700,V
2023-10-04,229.47999572753906,231.6999969482422,228.8800048828125,231.22000122070312,230.72879028320312,5430900,V
2023-10-05,230.41000366210938,234.19000244140625,230.22000122070312,233.47999572753906,232.98397827148438,6126200,V
2023-10-06,233.1699981689453,236.58999633789062,232.75,235.0399932861328,234.54066467285156,6401000,V
2023-10-09,232.8000030517578,235.1699981689453,231.6999969482422,234.44000244140625,233.94195556640625,5372200,V
2023-10-10,234.89999389648438,238.22000122070312,234.27999877929688,236.60000610351562,236.0973663330078,4644000,V
2023-10-11,237.5500030517578,238.50999450683594,234.88999938964844,235.67999267578125,235.17930603027344,4760900,V
2023-10-12,236.7100067138672,237.72999572753906,234.88999938964844,236.77999877929688,236.2769775390625,4472800,V
2023-10-13,236.38999938964844,238.64999389648438,236.22999572753906,237.6699981689453,237.1650848388672,4966800,V
2023-10-16,239.0,240.7100067138672,238.3300018310547,240.07000732421875,239.55999755859375,6227300,V
2023-10-17,239.6300048828125,241.47999572753906,238.2899932861328,241.1999969482422,240.68759155273438,4527600,V
2023-10-18,239.9600067138672,240.8300018310547,236.99000549316406,237.47000122070312,236.96551513671875,9528300,V
2023-10-19,237.47000122070312,237.9199981689453,233.41000366210938,233.80999755859375,233.3132781982422,5927400,V
2023-10-20,234.1300048828125,235.77000427246094,232.63999938964844,233.3800048828125,232.8842010498047,5748300,V
2023-10-23,231.36000061035156,234.4600067138672,231.27999877929688,231.52999877929688,231.0381317138672,5071700,V
2023-10-24,232.88999938964844,236.52999877929688,232.88999938964844,234.64999389648438,234.1514892578125,6844100,V
2023-10-25,232.25,238.47999572753906,231.2899932861328,236.85000610351562,236.34683227539062,10365300,V
2023-10-26,234.57000732421875,235.61000061035156,230.36000061035156,231.27999877929688,230.78866577148438,6414500,V
2023-10-27,231.1699981689453,231.38999938964844,228.02999877929688,229.27000427246094,228.78294372558594,5540900,V
2023-10-30,232.19000244140625,233.3800048828125,230.02999877929688,233.0800018310547,232.5848388671875,5170300,V
2023-10-31,233.57000732421875,235.72000122070312,232.99000549316406,235.10000610351562,234.60055541992188,4828400,V
2023-11-01,236.13999938964844,239.0399932861328,235.67999267578125,238.5800018310547,238.07315063476562,4996200,V
2023-11-02,239.91000366210938,243.25,239.1999969482422,243.25,242.7332305908203,6286700,V
2023-11-03,245.1199951171875,245.32000732421875,242.25999450683594,243.60000610351562,243.08248901367188,5029800,V
2023-11-06,244.0,244.77999877929688,242.61000061035156,243.49000549316406,242.9727325439453,5254100,V
2023-11-07,243.41000366210938,245.07000732421875,243.3800048828125,244.77000427246094,244.25001525878906,4219700,V
2023-11-08,243.49000549316406,244.75,242.8000030517578,243.91000366210938,243.91000366210938,5117500,V
2023-11-09,244.3300018310547,244.47999572753906,240.97000122070312,241.63999938964844,241.63999938964844,4866600,V
2023-11-10,243.97999572753906,245.27000427246094,241.97000122070312,245.25,245.25,4094400,V
2023-11-13,245.0,245.67999267578125,244.11000061035156,244.6699981689453,244.6699981689453,4088500,V
2023-11-14,246.1699981689453,247.92999267578125,245.5800018310547,246.94000244140625,246.94000244140625,14092000,V
2023-11-15,246.80999755859375,248.24000549316406,245.33999633789062,248.11000061035156,248.11000061035156,13258900,V
2023-11-16,248.58999633789062,249.4499969482422,247.27000427246094,248.57000732421875,248.57000732421875,7051600,V
2023-11-17,249.4499969482422,250.24000549316406,248.66000366210938,249.55999755859375,249.55999755859375,7238200,V
2023-11-20,249.61000061035156,250.92999267578125,245.60000610351562,249.97000122070312,249.97000122070312,8604200,V
2023-11-21,250.02999877929688,253.33999633789062,250.02999877929688,252.22999572753906,252.22999572753906,7213700,V
2023-11-22,253.0,254.5399932861328,252.66000366210938,253.72000122070312,253.72000122070312,5701400,V
2023-11-24,254.19000244140625,254.6999969482422,253.5,254.3000030517578,254.3000030517578,1640900,V
2023-11-27,254.3000030517578,254.97999572753906,252.52000427246094,254.13999938964844,254.13999938964844,5478900,V
2023-11-28,253.85000610351562,254.14999389648438,251.61000061035156,252.94000244140625,252.94000244140625,5234900,V
2023-11-29,253.9199981689453,256.07000732421875,253.52000427246094,254.22999572753906,254.22999572753906,4955100,V
2023-11-30,254.25,256.7699890136719,253.1699981689453,256.67999267578125,256.67999267578125,6874700,V
2023-12-01,255.7899932861328,256.9100036621094,253.89999389648438,256.45001220703125,256.45001220703125,3939400,V
2023-12-04,255.91000366210938,257.3900146484375,254.35000610351562,254.44000244140625,254.44000244140625,5247200,V
2023-12-05,254.19000244140625,254.36000061035156,252.55999755859375,253.19000244140625,253.19000244140625,525027,V
