Date,Close,Adj Close,Volume,Symbol,Gain,Loss,RSI,OSCI,Williams,PROC,OBV,MACD,MACD_SIGNAL,Class,Direction_prediction
2023-01-03,239.5800018310547,237.47433471679688,25740000,MSFT,0.0,0.2400054931640625,35.42277362619211,22.25651171611258,-77.74348828388742,-0.06749186785932124,-620592400,-1.4891717450467752,-0.44832399534434414,0.0,2
2023-01-04,229.1000061035156,227.08644104003903,50623400,MSFT,0.0,10.479995727539091,22.41170805992877,0.0,-100.0,-0.10932273922609796,-671215800,-2.337244927300503,-0.8261081817355762,0.0,0
2023-01-05,222.30999755859372,220.3561248779297,39585600,MSFT,0.0,6.790008544921875,19.328747025191618,0.0,-99.99999999999999,-0.1072245995632487,-710801400,-3.516707561296869,-1.364228057647835,0.0,0
2023-01-06,224.92999267578125,222.9531097412109,43613600,MSFT,2.6199951171875284,0.0,26.539341510805613,11.706856771955582,-88.29314322804441,-0.08075528043021192,-667187800,-4.191709073734728,-1.929724260865214,2.0,2
2023-01-09,227.1199951171875,225.1238250732422,27369800,MSFT,2.19000244140625,0.0,32.1406613613987,21.74502088771415,-78.25497911228585,-0.05543772925862845,-639818000,-4.498086598804946,-2.443396728453161,2.0,2
2023-01-10,228.8500061035156,226.8386383056641,27033900,MSFT,1.7300109863280966,0.0,37.57498237295203,29.566048772950236,-70.43395122704976,-0.053556645098429716,-612784100,-4.548859149820544,-2.8644892127266375,2.0,2
2023-01-11,235.7700042724609,233.6978302001953,28669300,MSFT,6.9199981689453125,0.0,44.229662869635234,60.849953368247284,-39.150046631752716,-0.035429319898590314,-584114800,-3.984776717618729,-3.088546713705056,2.0,2
2023-01-12,238.50999450683597,236.41372680664065,27269500,MSFT,2.739990234375057,0.0,44.34682816046687,86.631013861021,-13.368986138978991,0.0013434319751032902,-556845300,-3.2788465117715475,-3.1266066733183546,2.0,2
2023-01-13,239.22999572753903,237.1273956298828,21333300,MSFT,0.7200012207030682,0.0,51.110155536118256,90.48128839687192,-9.518711603128082,0.0020944163236640222,-535512000,-2.630965523664031,-3.02747844338749,2.0,2
2023-01-17,240.3500061035156,238.23757934570312,29831300,MSFT,1.1200103759765625,0.0,51.708151031770264,96.47064967364925,-3.5293503263507575,0.014306209037805629,-505680700,-2.0040383887963173,-2.822790432469256,2.0,2
2023-01-18,235.80999755859372,233.73745727539065,30028700,MSFT,0.0,4.540008544921875,48.854344740279906,72.19252515048655,-27.807474849513447,0.005457718782070954,-535709400,-1.8521840399830012,-2.6286691539720053,0.0,2
2023-01-19,231.92999267578125,229.89157104492188,28623000,MSFT,0.0,3.8800048828124716,47.48256645431229,51.44383255149026,-48.55616744850974,-0.03767479373473523,-564332400,-2.021618383564345,-2.5072589998904733,0.0,0
2023-01-20,240.22000122070312,238.1087188720703,35389800,MSFT,8.290008544921875,0.0,49.26099824117208,99.27935243218569,-0.7206475678143011,0.0016678921035291818,-528942600,-1.470016479766855,-2.2998104958657497,2.0,2
2023-01-23,242.5800018310547,240.44796752929688,31934000,MSFT,2.3600006103515625,0.0,52.52654013223342,100.0,-0.0,0.012521913252657535,-497008600,-0.8328352645726511,-2.00641544960713,2.0,2
2023-01-24,242.0399932861328,239.9127197265625,40234400,MSFT,0.0,0.540008544921875,52.239611695802445,97.33592288554405,-2.664077114455946,0.05648182818803796,-537243000,-0.36720581732885194,-1.678573523151474,0.0,2
2023-01-25,240.6100006103516,238.4952850341797,66526600,MSFT,0.0,1.4299926757812216,62.54630940219339,90.28119977567266,-9.718800224327333,0.08231749922508357,-603769600,-0.11228522943886787,-1.3653158644089527,0.0,0
2023-01-26,248.0,245.82034301757807,33454500,MSFT,7.389999389648409,0.0,77.64147288094418,100.0,-0.0,0.1025652784218614,-570315100,0.6782341023228469,-0.9566058710625928,2.0,2
2023-01-27,248.16000366210935,245.97894287109372,26498900,MSFT,0.16000366210934658,0.0,76.39171747724365,100.0,-0.0,0.09263829252050572,-543816200,1.3026215164611301,-0.5047603935578481,2.0,2
2023-01-30,242.7100067138672,240.5768280029297,25867400,MSFT,0.0,5.449996948242159,66.490374574428,71.77629395495866,-28.22370604504134,0.06056368905702499,-569683600,1.342211654073111,-0.13536598403165612,0.0,0
2023-01-31,247.80999755859372,245.6320037841797,26541100,MSFT,5.099990844726534,0.0,68.72036529482244,97.84346354533916,-2.1565364546608414,0.051066688161990004,-543142500,1.7647705852761817,0.24466132982991157,2.0,0
2023-02-01,252.75,250.52859497070312,31259900,MSFT,4.940002441406278,0.0,67.44758438662114,100.0,-0.0,0.059704020045817825,-511882600,2.4697981980241366,0.6896887034687568,2.0,2
2023-02-02,264.6000061035156,262.2744445800781,39940400,MSFT,11.850006103515625,0.0,72.58092079354113,100.0,-0.0,0.10604861776978293,-471942200,3.9393240429180594,1.3396157713586174,2.0,2
2023-02-03,258.3500061035156,256.079345703125,29077300,MSFT,0.0,6.25,65.10268581061135,80.86930691404547,-19.13069308595454,0.0748907823711378,-501019500,4.547193875394299,1.9811313921657543,0.0,0
2023-02-06,256.7699890136719,254.51324462890625,22518000,MSFT,0.0,1.58001708984375,62.87639000636106,76.03301539142724,-23.966984608572755,0.08888508405955114,-523537500,4.845584046104221,2.554021922953448,0.0,0
2023-02-07,267.5599975585937,265.2084350585937,50841400,MSFT,10.790008544921818,0.0,72.67531904821483,100.0,-0.0,0.15362396416154858,-472696100,5.88488661014793,3.220194860392345,2.0,2
2023-02-08,266.7300109863281,264.3857421875,54686000,MSFT,0.0,0.8299865722655682,75.9856682280943,96.96420379136889,-3.035796208631117,0.11035721268383818,-527382100,6.565881010859812,3.8893320904858393,0.0,0
2023-02-09,263.6199951171875,261.30303955078125,42375100,MSFT,0.0,3.110015869140625,68.93815377137422,85.38032323724181,-14.619676762758194,0.08673424489783851,-569757200,6.776506343695132,4.466766941127698,0.0,0
2023-02-10,263.1000061035156,260.7876281738281,25818500,MSFT,0.0,0.519989013671875,67.11711562640576,83.45086471199403,-16.549135288005978,0.08701046687142427,-595575700,6.822820442763771,4.937977641454913,0.0,0
2023-02-13,271.32000732421875,268.93536376953125,44630900,MSFT,8.220001220703125,0.0,71.6504063481247,100.0,-0.0,0.1276339580065898,-550944800,7.437080071340347,5.437798127432001,2.0,2
2023-02-14,272.1700134277344,269.7779235839844,37047900,MSFT,0.850006103515625,0.0,73.53818735938151,100.0,-0.0,0.09745973156344506,-513896900,7.901391320539602,5.930516766053522,2.0,2
2023-02-15,269.32000732421875,267.62158203125,28922400,MSFT,0.0,2.850006103515625,67.05599753125125,90.32584706718994,-9.674152932810067,0.08526758280887407,-542819300,7.947772680525617,6.333967948947942,0.0,0
2023-02-16,262.1499938964844,260.4967956542969,29603600,MSFT,0.0,7.170013427734375,60.06328738796292,65.98772149453227,-34.012278505467734,0.08009553230137374,-572422900,7.321571561756713,6.531488671509697,0.0,0
2023-02-17,258.0599975585937,256.4325866699219,30000100,MSFT,0.0,4.089996337890682,61.261908957362934,42.07714828702023,-57.92285171297977,0.04136233445374373,-602423000,6.42125392254971,6.5094417217177005,0.0,0
2023-02-21,252.6699981689453,251.0765838623047,28397400,MSFT,0.0,5.389999389648381,53.55055317530408,0.0,-100.0,-0.0003165255432430762,-630820400,5.212728710661793,6.25009911950652,0.0,0
2023-02-22,251.50999450683597,249.9239044189453,22491100,MSFT,0.0,1.1600036621093466,49.04113474708684,0.0,-100.0,-0.049470942156965195,-653311500,4.113938252972588,5.822866946199734,0.0,0
2023-02-23,254.7700042724609,253.16336059570312,29219100,MSFT,3.260009765624943,0.0,41.234178240013094,15.77931645709829,-84.22068354290171,-0.013857177265249538,-624092400,3.466237810112574,5.351541118982302,2.0,2
2023-02-24,249.22000122070312,247.6483459472656,24990900,MSFT,0.0,5.550003051757784,41.75546719901053,0.0,-100.0,-0.02940370026096292,-649083300,2.4765436264422647,4.776541620474295,0.0,0
2023-02-27,250.16000366210935,248.5824279785156,21190000,MSFT,0.9400024414062216,0.0,43.961282350671354,4.095869025804835,-95.90413097419516,-0.0650321201048519,-627893300,1.7479054308386424,4.170814382547165,2.0,2
2023-02-28,249.4199981689453,247.8470916748047,22491000,MSFT,0.0,0.7400054931640341,29.70010767887308,0.8714459340501525,-99.12855406594984,-0.06489713232257947,-650384300,1.098084122229011,3.5562683304835336,0.0,2
2023-03-01,246.2700042724609,244.7169647216797,27565300,MSFT,0.0,3.1499938964844034,28.234056610052193,0.0,-100.0,-0.06581439635113401,-677949600,0.32516951979457076,2.910048568345741,0.0,0
2023-03-02,251.1100006103516,249.52642822265625,24808200,MSFT,4.839996337890682,0.0,37.163977253049964,18.68723794217353,-81.31276205782648,-0.04557204566710126,-653141400,0.10200058448776872,2.3484389715741467,2.0,2
2023-03-03,255.2899932861328,253.6800537109375,30760100,MSFT,4.179992675781222,0.0,42.54627948178978,34.82620009744419,-65.1737999025558,-0.05908157749284808,-622381300,0.25943743739526326,1.93063866473837,2.0,2
2023-03-06,256.8699951171875,255.25010681152344,24109800,MSFT,1.5800018310546875,0.0,34.20764746650903,40.92659111113998,-59.07340888886002,-0.05621493021166082,-598271500,0.5058688791845896,1.645684707627614,2.0,2
2023-03-07,254.1499938964844,252.5472412109375,21473200,MSFT,0.0,2.7200012207030966,31.07936809037092,34.18650143485578,-65.81349856514423,-0.05632709421945042,-619744700,0.4761969042497469,1.4117871469520407,0.0,2
2023-03-08,253.6999969482422,252.10009765625,17340200,MSFT,0.0,0.4499969482422159,32.72887584742426,46.788397547446024,-53.211602452553976,-0.0322334432385257,-637084900,0.41162569264145077,1.2117548560899227,0.0,2
2023-03-09,252.32000732421875,250.7288055419922,26653400,MSFT,0.0,1.3799896240234375,37.534886636812075,51.31472855776572,-48.68527144223428,-0.022242851618533604,-663738300,0.24626017858295768,1.0186559205885297,0.0,2
2023-03-10,248.58999633789065,247.02232360839844,28333900,MSFT,0.0,3.7300109863280966,37.880727610162474,21.88673650207841,-78.1132634979216,-0.016147551591489725,-692072200,-0.18365681485045116,0.7781933735007335,0.0,2
2023-03-13,253.9199981689453,252.31871032714844,33339700,MSFT,5.330001831054659,0.0,51.6021528929499,72.16981607385267,-27.830183926147324,0.009582138740986866,-658732500,-0.09320808171221984,0.6039130824581429,2.0,0
2023-03-14,260.7900085449219,259.1453857421875,33620300,MSFT,6.8700103759765625,0.0,60.375682712842455,99.99999999999999,-0.0,0.023629172082687333,-625112200,0.5267535264453613,0.5884811712555866,2.0,2
2023-03-15,265.44000244140625,263.7660522460937,46028000,MSFT,4.649993896484375,0.0,61.57015617838658,100.0,-0.0,0.0650830637238425,-579084200,1.3774152279742395,0.7462679825993173,2.0,2
2023-03-16,276.20001220703125,274.4582214355469,54768800,MSFT,10.760009765625,0.0,76.28605527653136,100.0,-0.0,0.10409341287064457,-524315400,2.8865393887741106,1.174322263834276,2.0,2
2023-03-17,279.42999267578125,277.6678161621094,69527400,MSFT,3.22998046875,0.0,77.2990085911475,100.0,-0.0,0.12031911926528276,-454788000,4.293668846860442,1.7981915804395092,2.0,2
2023-03-20,272.2300109863281,270.5132751464844,43466600,MSFT,0.0,7.199981689453125,68.98620560894851,78.28714050837188,-21.712859491628123,0.10541278378809932,-498254600,4.772832488696565,2.3931197620909206,0.0,0
2023-03-21,273.7799987792969,272.053466796875,34558700,MSFT,1.54998779296875,0.0,73.52489778534705,81.67965445072805,-18.32034554927196,0.09027915301598208,-463695900,5.217500094829404,2.9579958286386177,2.0,0
2023-03-22,272.2900085449219,270.5728759765625,34873300,MSFT,0.0,1.489990234375,69.2126518509742,76.84829773443568,-23.151702265564335,0.0665909973201934,-498569200,5.3875680855563814,3.443910280022171,0.0,0
2023-03-23,277.6600036621094,275.90899658203125,36610900,MSFT,5.3699951171875,0.0,69.8632831923658,94.2607353312256,-5.739264668774403,0.08093591676769098,-461958300,5.8877911293943725,3.932686449896612,2.0,0
2023-03-24,280.57000732421875,278.8006591796875,28172000,MSFT,2.910003662109375,0.0,70.55866696739531,100.0,-0.0,0.1039544129931998,-433786300,6.444743480038142,4.435097855924918,2.0,2
2023-03-27,276.3800048828125,274.6370544433594,26840200,MSFT,0.0,4.19000244140625,68.80394854704515,86.89805815514718,-13.10194184485282,0.08939695785332352,-460626500,6.473412580176728,4.842760800775281,0.0,0
2023-03-28,275.2300109863281,273.4943542480469,21878600,MSFT,0.0,1.149993896484375,67.99868867682646,83.30208097747825,-16.697919022521752,0.09079741200495112,-482505100,6.330365637487546,5.140281768117735,0.0,0
2023-03-29,280.510009765625,278.74102783203125,25087000,MSFT,5.279998779296875,0.0,72.12370093042507,99.81239043782881,-0.18760956217119437,0.1284042555934059,-457418100,6.56734738685941,5.42569489186607,2.0,0
2023-03-30,284.04998779296875,282.2586975097656,25053400,MSFT,3.53997802734375,0.0,77.91249343597474,100.0,-0.0,0.1186593802823537,-432364700,6.960566692542102,5.732669252001277,2.0,2
2023-03-31,288.29998779296875,286.4818725585937,32766000,MSFT,4.25,0.0,77.53045346564801,100.0,-0.0,0.10548709055818063,-399598700,7.528353137817362,6.091806029164495,2.0,2
2023-04-03,287.2300109863281,285.41864013671875,24883300,MSFT,0.0,1.069976806640625,73.34044190226598,95.3194335421239,-4.680566457876103,0.08209014596333061,-424482000,7.802052594551469,6.43385534224189,0.0,0
2023-04-04,287.17999267578125,285.36895751953125,25824300,MSFT,0.0,0.050018310546875,70.88780256667081,93.03051192504097,-6.9694880749590284,0.039753729121922474,-450306300,7.923587145914212,6.731801702976354,0.0,0
2023-04-05,284.3399963378906,282.546875,22064800,MSFT,0.0,2.839996337890625,59.22484352098365,75.35782719087851,-24.642172809121483,0.017571498374572784,-472371100,7.701956819933002,6.925832726367684,0.0,0
2023-04-06,291.6000061035156,289.7610778808594,29770300,MSFT,7.260009765625,0.0,62.63762242699698,100.0,-0.0,0.07115304828812682,-442600800,8.019689317117638,7.144604044517674,2.0,2
2023-04-10,289.3900146484375,287.5650329589844,23103000,MSFT,0.0,2.209991455078125,69.8795487408654,88.55519557487159,-11.444804425128408,0.057016640874939795,-465703800,8.000936948785466,7.3158706253712324,0.0,0
2023-04-11,282.8299865722656,281.04638671875,27276600,MSFT,0.0,6.560028076171875,59.39380423888487,54.583010667720266,-45.416989332279734,0.03870864775269521,-492980400,7.371759070670123,7.327048314431011,0.0,0
2023-04-12,283.489990234375,281.70220947265625,27403400,MSFT,0.660003662109375,0.0,61.82930138979408,50.45804344421825,-49.54195655578175,0.020996854049459227,-465577000,6.847454654073488,7.231129582359506,2.0,0
2023-04-13,289.8399963378906,288.0121765136719,24222700,MSFT,6.350006103515625,0.0,62.60346733192283,89.24856267197602,-10.751437328023982,0.03303984307545652,-441354300,6.865194362669911,7.157942538421588,2.0,0
2023-04-14,286.1400146484375,284.3355407714844,20987900,MSFT,0.0,3.699981689453125,55.67095192998417,66.64634646503062,-33.35365353496939,0.035313733241170354,-462342200,6.50570192708301,7.027494416153872,0.0,0
2023-04-17,288.79998779296875,286.9787292480469,23836200,MSFT,2.65997314453125,0.0,63.05169649156566,82.89542366688292,-17.10457633311708,0.04930413205308016,-438506000,6.362100846034252,6.894415702129948,2.0,0
2023-04-18,288.3699951171875,286.55145263671875,20161800,MSFT,0.0,0.42999267578125,64.02048313684014,70.8745531746272,-29.1254468253728,0.028020338233668618,-458667800,6.142788892773865,6.744090340258732,0.0,0
2023-04-19,288.45001220703125,286.6309509277344,17150300,MSFT,0.08001708984375,0.0,59.529533797177386,64.08224764768109,-35.917752352318914,0.015490317208777632,-441517500,5.90734312581634,6.576740897370254,2.0,0
2023-04-20,286.1099853515625,284.3056945800781,23244400,MSFT,0.0,2.34002685546875,52.54571977245334,37.400130839040145,-62.599869160959855,-0.007596262692105675,-464761900,5.468888110518549,6.355170339999914,0.0,0
2023-04-21,285.760009765625,283.9579467773437,21676400,MSFT,0.0,0.3499755859375,46.52628802385313,33.409540114692945,-66.59045988530706,-0.005117853860936195,-486438300,5.035127432298566,6.091161758459645,0.0,0
2023-04-24,281.7699890136719,279.9930725097656,26611000,MSFT,0.0,3.990020751953125,43.085085824800835,0.0,-100.0,-0.018838372449633455,-513049300,4.3196138217739986,5.736852171122516,0.0,0
2023-04-25,275.4200134277344,273.6831359863281,45772200,MSFT,0.0,6.3499755859375,37.1559856251404,0.0,-100.0,-0.03137083430062487,-558821500,3.203249107850354,5.230131558468084,0.0,0
2023-04-26,295.3699951171875,293.5072937011719,64599200,MSFT,19.949981689453125,0.0,58.76928093696607,100.0,-0.0,0.012928631463517732,-494222300,3.8835516564063255,4.960815578055733,2.0,2
2023-04-27,304.8299865722656,302.9076538085937,46462600,MSFT,9.459991455078125,0.0,60.162841769861046,100.0,-0.0,0.05335350614147906,-447759700,5.126938422699709,4.994040146984529,2.0,2
2023-04-28,307.260009765625,305.3223571777344,36446700,MSFT,2.430023193359375,0.0,63.68090321941537,100.0,-0.0,0.0863770616738239,-411313000,6.236523198921361,5.242536757371895,2.0,2
2023-05-01,305.5599975585937,303.633056640625,21294100,MSFT,0.0,1.7000122070313068,68.80067648580761,94.66076506733691,-5.339234932663096,0.07785109910220231,-432607100,6.899171001965385,5.573863606290594,0.0,0
2023-05-02,305.4100036621094,303.4839782714844,26404400,MSFT,0.0,0.14999389648431816,68.28497138402933,94.18967865484942,-5.810321345150589,0.05371931935186577,-459011500,7.327751152186693,5.924641115469814,0.0,0
2023-05-03,304.3999938964844,302.4803771972656,22360800,MSFT,0.0,1.010009765625,63.33333705953502,91.01753706630578,-8.982462933694228,0.06381483998482973,-481372300,7.4994556059320985,6.239604013562272,0.0,0
2023-05-04,305.4100036621094,303.4839782714844,22519900,MSFT,1.010009765625,0.0,68.56095901967504,94.18967865484942,-5.810321345150589,0.05751390779506473,-458852400,7.629088585401405,6.5175009279301,2.0,0
2023-05-05,310.6499938964844,308.6909484863281,28181200,MSFT,5.239990234375,0.0,70.04954834113587,100.0,-0.0,0.07726184816919927,-430671200,8.061716624075984,6.826344067159277,2.0,2
2023-05-08,308.6499938964844,306.7035827636719,21318600,MSFT,0.0,2.0,68.08775296343173,94.32301700600131,-5.676982993998697,0.0700294014026765,-451989800,8.1492546415667,7.090926182040762,0.0,0
2023-05-09,307.0,305.0639953613281,21340800,MSFT,0.0,1.649993896484375,66.09403628430115,89.63952336072958,-10.360476639270418,0.07301393071887562,-473330600,7.993346114906217,7.271410168613853,0.0,0
2023-05-10,312.3099975585937,310.3404541015625,30078000,MSFT,5.309997558593693,0.0,71.61718049694318,100.0,-0.0,0.09291008848559494,-443252600,8.203692845245882,7.45786670394026,2.0,2
2023-05-11,310.1099853515625,308.1543273925781,31680200,MSFT,0.0,2.200012207031193,69.49557311951652,94.03628855131214,-5.963711448687864,0.10057847692401169,-474932800,8.099505488167836,7.5861944607857765,0.0,0
2023-05-12,308.9700012207031,307.02154541015625,19758100,MSFT,0.0,1.139984130859375,72.8188115344204,90.94606187402346,-9.053938125976543,0.12181390660548969,-494690900,7.834636255081875,7.635882819644996,0.0,0
2023-05-15,309.4599914550781,307.5084533691406,16336500,MSFT,0.489990234375,0.0,81.67099387149685,83.17588138860393,-16.82411861139607,0.047702869522344156,-478354400,7.576921561188726,7.624090567953743,2.0,0
2023-05-16,311.739990234375,309.7740783691406,26730300,MSFT,2.279998779296875,0.0,72.6919764252392,92.79384247381383,-7.206157526186181,0.02266838554766406,-451624100,7.470541899521834,7.593380834267362,2.0,0
2023-05-17,314.0,312.7019348144531,24315000,MSFT,2.260009765625,0.0,65.88154708233402,100.0,-0.0,0.021935787346736728,-427309100,7.482347309439092,7.571174129301708,2.0,2
2023-05-18,318.5199890136719,317.2032165527344,27276000,MSFT,4.519989013671875,0.0,68.1847260267897,100.0,-0.0,0.04241390089876865,-400033100,7.766896571183338,7.610318617678035,2.0,2
2023-05-19,318.3399963378906,317.02398681640625,27529500,MSFT,0.0,0.17999267578125,71.70518166994773,98.72526389501257,-1.2747361049874213,0.04233650673108389,-427562600,7.886963995038116,7.665647693150052,0.0,0
2023-05-22,321.17999267578125,319.85223388671875,24115700,MSFT,2.839996337890625,0.0,74.54092996528429,100.0,-0.0,0.05512483283755635,-403446900,8.117706396863866,7.7560594338928155,2.0,2
2023-05-23,315.260009765625,313.95672607421875,30797200,MSFT,0.0,5.91998291015625,64.65986941028656,62.4604500039671,-37.5395499960329,0.03225174678434302,-434244100,7.733728657349104,7.751593278584073,0.0,0
2023-05-24,313.8500061035156,312.55255126953125,23384900,MSFT,0.0,1.410003662109375,61.27138842156061,48.30754331217045,-51.69245668782955,0.010301021309846111,-457629000,7.232278812520008,7.647730385371261,0.0,0
2023-05-25,325.9200134277344,324.5726623535156,43301700,MSFT,12.07000732421875,0.0,67.24648051409109,100.0,-0.0,0.05595340959910095,-414327300,7.719835457818931,7.662151399860795,2.0,2
2023-05-26,332.8900146484375,331.51385498046875,36630600,MSFT,6.970001220703125,0.0,74.61417605880408,100.0,-0.0,0.08433229527178339,-377696700,8.56986044301982,7.843693208492601,2.0,2
2023-05-30,331.2099914550781,329.8407897949219,29503100,MSFT,0.0,1.680023193359375,74.5686998715995,92.97649560927316,-7.023504390726846,0.06051677514082312,-407199800,9.00415326280364,8.07578521935481,0.0,0
2023-05-31,328.3900146484375,327.0324401855469,45950600,MSFT,0.0,2.819976806640625,67.18686190623447,81.18730153059857,-18.812698469401425,0.058946922577005935,-453150400,9.0168443220727,8.263997039898388,0.0,0
2023-06-01,332.5799865722656,331.2051086425781,26773900,MSFT,4.189971923828125,0.0,73.03673816229718,98.70389673020665,-1.2961032697933559,0.07641513822792602,-426376500,9.258274173576524,8.462852466634015,2.0,0
2023-06-02,335.3999938964844,334.013427734375,25864000,MSFT,2.82000732421875,0.0,76.19426982767382,100.0,-0.0,0.08382344457335693,-400512500,9.566879066873867,8.683657786681986,2.0,2
2023-06-05,335.94000244140625,334.5512390136719,21307100,MSFT,0.540008544921875,0.0,76.21784850339894,100.0,-0.0,0.07762883481467037,-379205400,9.742716869287165,8.895469603203022,2.0,2
2023-06-06,333.67999267578125,332.3005676269531,20396200,MSFT,0.0,2.260009765625,71.73138959016472,89.76908039704632,-10.230919602953671,0.06267513591013137,-399601600,9.58916773751804,9.034209230066025,0.0,0
2023-06-07,323.3800048828125,322.04315185546875,40717100,MSFT,0.0,10.29998779296875,58.01436392289873,43.141694699832144,-56.858305300167856,0.015258118914891768,-440318700,8.537935998516105,8.934954583756042,0.0,0
2023-06-08,325.260009765625,323.9154052734375,23277700,MSFT,1.8800048828125,0.0,56.03080157830782,51.65235651278934,-48.34764348721066,0.021737807084691217,-417041000,7.766994871733061,8.701362641351446,2.0,0
2023-06-09,326.7900085449219,325.4390563964844,22514900,MSFT,1.529998779296875,0.0,57.38250488452055,58.57856309016433,-41.42143690983567,0.017466890830910874,-394526100,7.196519591015203,8.400394031284197,2.0,0
2023-06-12,331.8500061035156,330.4781188964844,24260300,MSFT,5.05999755859375,0.0,58.97394172757779,81.4848482755286,-18.515151724471398,0.05262321837211193,-370265800,7.071200933120963,8.13455541165155,2.0,0
2023-06-13,334.2900085449219,332.9080505371094,22951300,MSFT,2.44000244140625,0.0,67.00017720587232,92.53058320496791,-7.469416795032085,0.06512665937200786,-347314500,7.0870773824257185,7.925059805806384,2.0,0
2023-06-14,337.3399963378906,335.9454345703125,26003800,MSFT,3.04998779296875,0.0,70.38708228359053,100.0,-0.0,0.03503921956203644,-321310700,7.262055650893558,7.792458974823819,2.0,2
2023-06-15,348.1000061035156,346.6609802246094,38899100,MSFT,10.760009765625,0.0,69.69804394749025,100.0,-0.0,0.04569074104292758,-282411600,8.174736775288238,7.868914534916703,2.0,2
2023-06-16,342.3299865722656,340.914794921875,46533600,MSFT,0.0,5.77001953125,58.56621676782883,76.65849819450017,-23.34150180549983,0.03357385164721306,-328945200,8.336354482503111,7.962402524433986,0.0,0
2023-06-20,338.04998779296875,336.6524963378906,26375400,MSFT,0.0,4.279998779296875,55.9272084129109,59.34458812999599,-40.65541187000401,0.029416159790585802,-355320600,8.026552447556583,7.975232509058506,0.0,0
2023-06-21,333.5599975585937,332.1810607910156,25117800,MSFT,0.0,4.489990234375057,54.354036832874435,41.18119811116918,-58.81880188883082,0.0029466926029691315,-380438400,7.334183513189032,7.847022709884612,0.0,0
2023-06-22,339.7099914550781,338.3056030273437,23556800,MSFT,6.149993896484432,0.0,55.81281827491388,66.05981296873553,-33.940187031264465,0.01285032092136519,-356881600,7.198746584692515,7.717367484846193,2.0,0
2023-06-23,335.0199890136719,333.635009765625,23084700,MSFT,0.0,4.69000244140625,49.69936328369078,47.0873121199963,-52.9126878800037,-0.0027386242217309065,-379966300,6.636466784023867,7.501187344681727,0.0,0
2023-06-26,328.6000061035156,327.2415771484375,21520600,MSFT,0.0,6.41998291015625,44.6873206683298,21.116508749729945,-78.88349125027005,-0.015224126959273738,-401486900,5.608169536718094,7.122583783089001,0.0,0
2023-06-27,334.57000732421875,333.1868896484375,24354100,MSFT,5.970001220703125,0.0,50.61135795926684,45.26699793216259,-54.73300206783741,0.03460326016588849,-377132800,5.214852194905291,6.741037465452259,2.0,0
2023-06-28,335.8500061035156,334.46160888671875,20259500,MSFT,1.279998779296875,0.0,59.77732740241621,46.366015918847815,-53.633984081152185,0.03255855629322995,-356873300,4.949377232062545,6.382705418774317,2.0,0
2023-06-29,335.04998779296875,333.6648864746094,16997000,MSFT,0.0,0.800018310546875,57.80824505190761,38.76105206176266,-61.23894793823734,0.02527610707813738,-373870300,4.621161743728237,6.030396683765102,0.0,0
2023-06-30,340.5400085449219,339.1322021484375,26823800,MSFT,5.490020751953125,0.0,60.31507499125451,61.230781750801285,-38.769218249198715,0.026186536934085618,-347046500,4.749300418337441,5.77417743067957,2.0,0
2023-07-03,337.989990234375,336.5927429199219,12508700,MSFT,0.0,2.550018310546875,54.786388998454136,48.15376477363782,-51.84623522636218,0.011068179110581828,-359555200,4.592150621040787,5.537772068751814,0.0,0
2023-07-05,338.1499938964844,336.7520751953125,18172400,MSFT,0.160003662109375,0.0,53.11993409076333,48.974296374198715,-51.025703625801285,0.002401131106263576,-341382800,4.429459184568827,5.316109491915218,2.0,0
2023-07-06,341.2699890136719,339.85919189453125,28161200,MSFT,3.1199951171875,0.0,53.17292852201028,64.97427133413461,-35.02572866586539,-0.019620847371696643,-313221600,4.500404715945365,5.152968536721247,2.0,0
2023-07-07,337.2200012207031,335.825927734375,21185300,MSFT,0.0,4.04998779296875,40.14849816242506,62.782282442476614,-37.217717557523386,-0.014927074904330023,-334406900,4.181626208998523,4.958700071176703,0.0,0
2023-07-10,331.8299865722656,330.45819091796875,32791400,MSFT,0.0,5.3900146484375,40.42670053055153,25.493171471927162,-74.50682852807284,-0.01839964929835296,-367198300,3.4542444300735724,4.657808942956077,0.0,0
2023-07-11,332.4700012207031,331.0955810546875,26698200,MSFT,0.6400146484375,0.0,44.5507989101896,30.54459618951273,-69.45540381048727,-0.003267766956075414,-340500100,2.896049111645141,4.30545697669389,2.0,0
2023-07-12,337.20001220703125,335.8060302734375,29995300,MSFT,4.730010986328125,0.0,53.538112516225844,67.87701423513259,-32.1229857648674,-0.007388594127879175,-310504800,2.8030360022513605,4.0049727818053835,2.0,0
2023-07-13,342.6600036621094,341.24346923828125,20567200,MSFT,5.459991455078125,0.0,52.906412472083225,100.0,-0.0,0.02280465315198168,-289937600,3.1337739271798455,3.8307330108802757,2.0,2
2023-07-14,345.239990234375,343.812744140625,28302200,MSFT,2.579986572265625,0.0,60.50574807837941,100.0,-0.0,0.05063902562928573,-261635400,3.5629974533053996,3.777185899365301,2.0,2
2023-07-17,345.7300109863281,344.3007507324219,20363900,MSFT,0.490020751953125,0.0,70.05381829822139,100.0,-0.0,0.03335625853424049,-241271500,3.8977697066556516,3.8013026608233713,2.0,2
2023-07-18,359.489990234375,358.0038757324219,64872700,MSFT,13.759979248046875,0.0,74.67322058562254,100.0,-0.0,0.07038851779437831,-176398800,5.213298794376499,4.083701887533997,2.0,2
2023-07-19,355.0799865722656,353.612060546875,39732900,MSFT,0.0,4.410003662109375,67.92835803909296,84.05638800348206,-15.943611996517951,0.05978212060605608,-216131700,5.832778000663325,4.433517110159863,0.0,0
2023-07-20,346.8699951171875,345.43603515625,33778400,MSFT,0.0,8.209991455078125,59.68217542596592,54.37457177753284,-45.62542822246716,0.01858808484592674,-249910100,5.596726459307263,4.666158979989343,0.0,0
2023-07-21,343.7699890136719,342.3488464355469,69368900,MSFT,0.0,3.100006103515625,52.75360539148859,43.16703131085448,-56.83296868914552,0.017101094548062818,-319279000,5.100711500308478,4.753069484053171,0.0,0
2023-07-24,345.1099853515625,343.68328857421875,26678100,MSFT,1.339996337890625,0.0,56.19776707395731,48.01155828293962,-51.98844171706038,0.020582556796404205,-292600900,4.760862320066394,4.754628051255816,2.0,0
2023-07-25,350.9800109863281,349.529052734375,41637700,MSFT,5.870025634765625,0.0,60.15836273135843,69.23362935159533,-30.766370648404667,0.028452610206715977,-250963200,4.9086080292589145,4.785424046856436,2.0,0
2023-07-26,337.7699890136719,336.3736267089844,58383700,MSFT,0.0,13.21002197265625,47.610596975745125,21.475060213181695,-78.52493978681831,0.0016309465363200536,-309346900,3.9146337348902307,4.611265984463195,0.0,0
2023-07-27,330.7200012207031,329.352783203125,39635300,MSFT,0.0,7.04998779296875,45.737148721857125,0.0,-100.0,-0.0033450423303463817,-348982200,2.5288755465879262,4.194787896888141,0.0,0
2023-07-28,338.3699951171875,336.9711608886719,28484900,MSFT,7.649993896484375,0.0,54.165608918749015,26.590187062111834,-73.40981293788816,0.01774594361843729,-320497300,2.024604393118068,3.7607511961341267,2.0,0
2023-07-31,335.9200134277344,334.53131103515625,25446000,MSFT,0.0,2.449981689453125,52.147934448954594,18.074432369647887,-81.92556763035212,-0.0037959630277563335,-345943300,1.4110076065614408,3.290802478219589,0.0,0
2023-08-01,336.3399963378906,334.9495544433594,18311900,MSFT,0.41998291015625,0.0,49.4341998588963,19.534227540082846,-80.46577245991716,-0.018443959775506193,-327631400,0.9476924349235105,2.8221804695603736,2.0,0
2023-08-02,327.5,326.1461181640625,27761300,MSFT,0.0,8.839996337890625,40.450989822472835,0.0,-100.0,-0.05138451725227936,-355392700,-0.13128858901120566,2.231486657846058,0.0,0
2023-08-03,326.6600036621094,325.3096008300781,18253700,MSFT,0.0,0.839996337890625,38.03452449130481,0.0,-100.0,-0.05515866924544445,-373646400,-1.0421561807117996,1.5767580901344862,0.0,0
2023-08-04,327.7799987792969,326.4249572753906,23727700,MSFT,1.1199951171875,0.0,38.5332683497417,3.411500381586078,-96.58849961841392,-0.08820827371133286,-349918700,-1.6545781172177954,0.9304908486640299,2.0,2
2023-08-07,330.1099853515625,328.7453308105469,17741500,MSFT,2.329986572265625,0.0,28.02212753833875,12.139281365367145,-87.86071863463286,-0.07032218701411168,-332177200,-1.9296724079495107,0.3584581973413216,2.0,2
2023-08-08,326.04998779296875,324.7020874023437,22327600,MSFT,0.0,4.05999755859375,28.169637263321093,0.0,-100.0,-0.060022508770713544,-354504800,-2.4470860032772634,-0.20265064278239556,0.0,0
2023-08-09,322.2300109863281,320.8979187011719,22373300,MSFT,0.0,3.819976806640625,30.16102582398763,0.0,-100.0,-0.06265811070112666,-376878100,-3.129307499824165,-0.7879820141907498,0.0,0
2023-08-10,322.92999267578125,321.5950012207031,20113700,MSFT,0.699981689453125,0.0,32.5460435210891,2.4347189198369565,-97.56528108016305,-0.0642693448964873,-356764400,-3.572310902235529,-1.3448477917997057,2.0,2
2023-08-11,321.010009765625,319.6829528808594,24342600,MSFT,0.0,1.91998291015625,30.009943035116535,0.0,-100.0,-0.08538948168723648,-381107000,-4.031844274140326,-1.8822470882678302,0.0,0
2023-08-14,324.0400085449219,322.7004089355469,18836100,MSFT,3.029998779296875,0.0,26.549391931739095,17.453924746682794,-82.54607525331721,-0.04064890580966994,-362270900,-4.104221295100274,-2.3266419296343193,2.0,2
2023-08-15,321.8599853515625,320.5294189453125,16966300,MSFT,0.0,2.180023193359375,32.85924988772054,4.896176861468361,-95.10382313853164,-0.026790081750235513,-379237200,-4.2880601697374345,-2.7189255776549426,0.0,2
2023-08-16,320.3999938964844,319.7510070800781,20698900,MSFT,0.0,1.459991455078125,37.359093172326865,0.0,-100.0,-0.053107549369085114,-399936100,-4.49969324833711,-3.0750791117913763,0.0,0
2023-08-17,316.8800048828125,316.2381591796875,21257200,MSFT,0.0,3.519989013671875,20.71400885337043,0.0,-100.0,-0.05668018511501371,-421193300,-4.895020929261136,-3.4390674752853285,0.0,0
2023-08-18,316.4800109863281,315.8389587402344,24744800,MSFT,0.0,0.399993896484375,21.939863269549292,0.0,-100.0,-0.059047349609919586,-445938100,-5.180875224527938,-3.7874290251338505,0.0,0
2023-08-21,321.8800048828125,321.22802734375,24040000,MSFT,5.399993896484375,0.0,31.751606952355644,39.61851836095892,-60.38148163904108,-0.017160290434160307,-421898100,-4.915025085492857,-4.012948237205652,2.0,2
2023-08-22,322.4599914550781,321.80682373046875,16102000,MSFT,0.579986572265625,0.0,41.964244877145894,43.873746996934806,-56.126253003065194,-0.012857442478252278,-405796100,-4.60445952252968,-4.131250494270458,2.0,2
2023-08-23,327.0,326.337646484375,21166400,MSFT,4.540008544921875,0.0,50.484879134920966,77.18274981136385,-22.817250188636155,-0.002379641168471873,-384629700,-3.946500527763874,-4.094300500969141,2.0,2
2023-08-24,319.9700012207031,319.3218994140625,23281400,MSFT,0.0,7.029998779296875,40.468617551407746,25.60525897449102,-74.39474102550898,-0.030716987006801488,-407911100,-3.9468288472758104,-4.064806170230475,0.0,2
2023-08-25,322.9800109863281,322.3258056640625,21684100,MSFT,3.010009765625,0.0,41.440593206988645,61.78713676936867,-38.21286323063133,-0.009415663001312429,-386227000,-3.6619932320028283,-3.984243582584946,2.0,2
2023-08-28,323.70001220703125,323.0443420410156,14808500,MSFT,0.720001220703125,0.0,46.93294246976915,68.63126198439889,-31.368738015601114,0.00456196248202808,-371418500,-3.339663313746996,-3.8553275288173565,2.0,2
2023-08-29,328.4100036621094,327.7447814941406,19284600,MSFT,4.709991455078125,0.0,57.88265353786364,100.0,-0.0,0.016969656305136097,-352133900,-2.6733409732412383,-3.618930217702133,2.0,2
2023-08-30,328.7900085449219,328.1240234375,15222100,MSFT,0.3800048828125,0.0,57.53603360703412,100.0,-0.0,0.024236000568883156,-336911800,-2.090514351444142,-3.313247044450535,2.0,2
2023-08-31,327.760009765625,327.0961303710937,26411000,MSFT,0.0,1.029998779296875,58.88391910389635,91.63282710338297,-8.367172896617035,0.011480067654014454,-363322800,-1.6922254267157086,-2.98904272090357,0.0,2
2023-09-01,328.6600036621094,327.9942932128906,14931200,MSFT,0.899993896484375,0.0,56.44171361462393,98.94390813488226,-1.056091865117732,0.021127256012018158,-348391600,-1.289096694212219,-2.6490535155653,2.0,2
2023-09-05,333.54998779296875,332.8743591308594,18553900,MSFT,4.889984130859375,0.0,65.15428924089693,100.0,-0.0,0.04104242867349401,-329837700,-0.5684803298834709,-2.2329388784289343,2.0,2
2023-09-06,332.8800048828125,332.20574951171875,17535800,MSFT,0.0,0.66998291015625,66.51671724666046,96.07508013780306,-3.9249198621969468,0.05049229914622434,-347373500,-0.05086238109277019,-1.7965235789617013,0.0,0
2023-09-07,329.9100036621094,329.24176025390625,18381000,MSFT,0.0,2.970001220703125,67.49935038374491,78.67610382784272,-21.323896172157276,0.04243551633458905,-365754500,0.11833520085065174,-1.4135518229992308,0.0,0
2023-09-08,334.2699890136719,333.5928955078125,19530100,MSFT,4.3599853515625,0.0,71.59505138874071,100.0,-0.0,0.03849255605476402,-346224400,0.5973539588985091,-1.011370666619683,2.0,2
2023-09-11,337.94000244140625,337.2554931640625,16583300,MSFT,3.670013427734375,0.0,70.3497382879204,100.0,-0.0,0.04800598956935916,-329641100,1.2586107070584376,-0.5573743918840587,2.0,2
2023-09-12,331.7699890136719,331.09796142578125,17565500,MSFT,0.0,6.170013427734375,60.33296346425073,65.66492482690573,-34.33507517309427,0.014587122365969037,-347206600,1.2701514105888236,-0.19186923138948211,0.0,0
2023-09-13,336.0599975585937,335.3793029785156,16544400,MSFT,4.290008544921818,0.0,60.111607173267636,89.53809262602267,-10.461907373977333,0.050285952672145355,-330662200,1.6069415162478435,0.16789291813798313,2.0,0
2023-09-14,338.70001220703125,338.0139465332031,20267000,MSFT,2.640014648437557,0.0,73.17496818725904,100.0,-0.0,0.048671746504363574,-310395200,2.06309514344872,0.5469333632001308,2.0,2
2023-09-15,330.2200012207031,329.5511169433594,37666900,MSFT,0.0,8.480010986328125,57.89013673044227,43.466593424479164,-56.533406575520836,0.020142072189672445,-348062100,1.7205012952699121,0.7816469496140871,0.0,0
2023-09-18,329.0599975585937,328.3934631347656,16834200,MSFT,0.0,1.1600036621094318,55.78582092403938,11.882883938384113,-88.11711606161589,0.001979214668360335,-364896300,1.3399445546165794,0.8933064706145856,0.0,0
2023-09-19,328.6499938964844,327.9842834472656,16505900,MSFT,0.0,0.41000366210931816,50.285566543105155,8.135136492208813,-91.86486350779118,-0.00042584824598880744,-381402200,0.9938106958212529,0.9134073156559191,0.0,0
2023-09-20,320.7699890136719,320.1202697753906,21436500,MSFT,0.0,7.8800048828125,41.90224518571837,0.0,-100.0,-0.02132664310375008,-402838700,0.08269334348284474,0.7472645212213043,0.0,0
2023-09-21,319.5299987792969,318.8827819824219,35529500,MSFT,0.0,1.239990234375,41.72530749230004,0.0,-100.0,-0.027779482690564704,-438368200,-0.7310040121567454,0.4516108145456943,0.0,0
2023-09-22,317.010009765625,316.3678894042969,21447900,MSFT,0.0,2.519989013671875,38.656287719811225,0.0,-100.0,-0.049587703890458405,-459816100,-1.5612104199489636,0.0490465676467626,0.0,0
2023-09-25,317.5400085449219,316.8968200683594,17836000,MSFT,0.529998779296875,0.0,32.96449012806467,2.443516457541316,-97.55648354245868,-0.04608266075726278,-441980100,-2.1515863591021116,-0.39108001770301243,2.0,2
2023-09-26,312.1400146484375,311.5077514648437,26297600,MSFT,0.0,5.399993896484375,29.949751056490527,0.0,-100.0,-0.05386314090636586,-468277700,-3.0203808517866833,-0.9169401845197468,0.0,0
2023-09-27,312.7900085449219,312.15643310546875,19410100,MSFT,0.649993896484375,0.0,32.67207828310909,2.447266401476242,-97.55273359852376,-0.06425937468131922,-448867600,-3.6147886380531986,-1.4565098752264374,2.0,2
2023-09-28,313.6400146484375,313.0047302246094,19683600,MSFT,0.850006103515625,0.0,27.522386074581462,5.647590880574686,-94.35240911942532,-0.07190621890695525,-429184000,-3.9714918168925806,-1.9595062635596663,2.0,2
2023-09-29,315.75,315.1104431152344,24140300,MSFT,2.1099853515625,0.0,24.971809286207005,13.591813566995052,-86.40818643300494,-0.048286431998560635,-405043700,-4.037383033614844,-2.3750816175707024,2.0,2
2023-10-02,321.79998779296875,321.1481628417969,20570000,MSFT,6.04998779296875,0.0,38.72426696707953,36.37038415843404,-63.62961584156596,-0.042432928254540744,-384473700,-3.560377034358453,-2.6121407009282525,2.0,2
2023-10-03,313.3900146484375,312.7552185058594,21033500,MSFT,0.0,8.40997314453125,26.54665474503632,4.706325733812239,-95.29367426618776,-0.07472688705757398,-405507200,-3.816961336677423,-2.8531048280780866,0.0,2
2023-10-04,318.9599914550781,318.3139343261719,20720100,MSFT,5.569976806640625,0.0,30.745169481182486,37.72113867110027,-62.27886132889973,-0.034098509248382425,-384787100,-3.530162154925449,-2.9885162934475593,2.0,2
2023-10-05,319.3599853515625,318.7131042480469,16965600,MSFT,0.399993896484375,0.0,37.424686501488786,42.671264749275984,-57.328735250724016,-0.02947794408010342,-367821500,-3.2333238281361787,-3.0374778003852834,2.0,2
2023-10-06,327.260009765625,326.5971374511719,25645500,MSFT,7.9000244140625,0.0,48.197124789702315,91.58094562097158,-8.419054379028427,-0.004229375191460315,-342176000,-2.333709814536917,-2.8967242032156104,2.0,2
2023-10-09,329.82000732421875,329.1519470214844,19891200,MSFT,2.55999755859375,0.0,51.123502324133895,100.0,-0.0,0.02821341964806173,-322284800,-1.39807270730455,-2.5969939040333987,2.0,2
2023-10-10,328.3900146484375,327.724853515625,20557100,MSFT,0.0,1.42999267578125,58.35164592577429,91.91180278179577,-8.088197218204225,0.027728275601629323,-342841900,-0.763164728967638,-2.2302280690202467,0.0,2
2023-10-11,332.4200134277344,331.7466735839844,20063200,MSFT,4.029998779296875,0.0,63.31340430789714,100.0,-0.0,0.04861046398346365,-322778700,0.06444871484666237,-1.771292712246865,2.0,2
2023-10-12,331.1600036621094,330.4892272949219,19313100,MSFT,0.0,1.260009765625,65.00531712113003,93.78693372057153,-6.213066279428473,0.042892217518035056,-342091800,0.6116157483284042,-1.294711020131811,0.0,0
2023-10-13,327.7300109863281,327.0661926269531,21072400,MSFT,0.0,3.42999267578125,60.17983751576185,76.87375382786459,-23.126246172135403,0.04994552318276014,-363164200,0.7597202391895621,-0.8838247682675364,0.0,0
2023-10-16,332.6400146484375,331.9662475585937,22158000,MSFT,4.910003662109375,0.0,70.68202810379438,100.0,-0.0,0.06346112587117639,-341006200,1.2587799445146857,-0.4553038257110919,2.0,2
2023-10-17,332.0599975585937,331.38739013671875,18338500,MSFT,0.0,0.5800170898438068,69.46858425824458,96.9869242086036,-3.0130757913963993,0.05872969662625272,-359344700,1.589166897992584,-0.04640968097035662,0.0,0
2023-10-18,330.1099853515625,329.4413452148437,23153600,MSFT,0.0,1.9500122070311932,66.27790258015168,86.85699066558442,-13.143009334415584,0.045478971818091844,-382498300,1.6743503818033787,0.29774233158439056,0.0,0
2023-10-19,331.32000732421875,330.6488952636719,25052100,MSFT,1.21002197265625,0.0,65.66714284485967,93.14281909496754,-6.857180905032467,0.02958365410931818,-357446200,1.8185346318178972,0.601900791631092,2.0,0
2023-10-20,326.6700134277344,326.0083312988281,25012600,MSFT,0.0,4.649993896484375,55.04247750363853,68.98700664569805,-31.012993354301948,0.042375309226729656,-382458800,1.5398357746246347,0.7894877882298007,0.0,0
2023-10-23,329.32000732421875,328.6529541015625,24374700,MSFT,2.649993896484375,0.0,68.72793522499612,75.73098175863939,-24.269018241360616,0.03248061244884914,-358084100,1.5153295076016207,0.9346561321041648,2.0,0
2023-10-24,330.5299987792969,329.8605041503906,31153600,MSFT,1.209991455078125,0.0,65.15587372756957,84.11136133835831,-15.888638661641695,0.034976246054865136,-326930500,1.5753842633864679,1.0628017583606255,2.0,0
2023-10-25,340.6700134277344,339.97998046875,55053800,MSFT,10.1400146484375,0.0,72.23961521532667,100.0,-0.0,0.040976603501641604,-271876700,2.4133726706329526,1.332915940815091,2.0,2
2023-10-26,327.8900146484375,327.2258605957031,37828500,MSFT,0.0,12.779998779296875,50.59670810440831,8.71429443359375,-91.28570556640625,-0.005851654335463142,-309705200,2.022926389977556,1.4709180306475842,0.0,0
2023-10-27,329.8099975585937,329.1419677734375,29856500,MSFT,1.9199829101561932,0.0,49.99040291376895,22.428458077566557,-77.57154192243344,0.004324074566263459,-279848700,1.8471289220123595,1.5461602089205395,2.0,0
2023-10-30,337.3099975585937,336.62677001953125,22828100,MSFT,7.5,0.0,57.660578879666836,75.99988664899513,-24.00011335100487,0.014710257906665912,-257020600,2.2866365591106614,1.6942554789585642,2.0,0
2023-10-31,338.1099853515625,337.4251403808594,20265300,MSFT,0.7999877929688068,0.0,55.17364045877908,81.71408517020089,-18.285914829799108,0.020986778634488605,-236755300,2.668738303181158,1.889152043803083,2.0,0
2023-11-01,346.07000732421875,345.3690185546875,28158800,MSFT,7.96002197265625,0.0,62.084613143279185,100.0,-0.0,0.05596068630606952,-208596500,3.5726803021584033,2.225857695474147,2.0,2
2023-11-02,348.32000732421875,347.6144714355469,24348100,MSFT,2.25,0.0,67.01370238849945,100.0,-0.0,0.04713802304377966,-184248400,4.419669842073233,2.6646201247939647,2.0,2
2023-11-03,352.79998779296875,352.0853881835937,23624000,MSFT,4.47998046875,0.0,66.77760270472626,100.0,-0.0,0.06245856287075163,-160624400,5.390276386897369,3.209751377214646,2.0,2
2023-11-06,356.5299987792969,355.8078308105469,23828300,MSFT,3.730010986328125,0.0,69.34998969555312,100.0,-0.0,0.08003397231258373,-136796100,6.386846192869541,3.8451703403456254,2.0,2
2023-11-07,360.5299987792969,359.7997436523437,25833900,MSFT,4.0,0.0,73.29964307335578,100.0,-0.0,0.08816247376963926,-110962200,7.41393824948176,4.558923922172853,2.0,2
2023-11-08,363.2000122070313,362.4643249511719,26767800,MSFT,2.670013427734432,0.0,73.88373505214604,100.0,-0.0,0.11182538120346348,-84194400,8.347143202607128,5.316567778259708,2.0,2
2023-11-09,360.6900024414063,359.9594116210937,24847300,MSFT,0.0,2.510009765625,76.33125835867412,92.89150399554725,-7.108496004452737,0.09525687604611126,-109041700,8.782933846087303,6.009840991825228,0.0,0
2023-11-10,369.6700134277344,368.9212341308594,28042100,MSFT,8.980010986328068,0.0,78.44353088220424,100.0,-0.0,0.11841592228538464,-80999600,9.740629000474485,6.75599859355508,2.0,2
2023-11-13,366.6799926757813,365.937255859375,19986500,MSFT,0.0,2.990020751953068,74.85900687620858,92.84341589441428,-7.15658410558572,0.07634948255744961,-100986100,10.141435468850204,7.4330859686141055,0.0,0
2023-11-14,370.2699890136719,369.5199890136719,27683900,MSFT,3.589996337890568,0.0,72.36998208430896,100.0,-0.0,0.12925057937697199,-73302200,10.626267190755811,8.071722213042447,2.0,2
2023-11-15,369.6700134277344,369.6700134277344,26860100,MSFT,0.0,0.5999755859375,88.6995093330741,98.51711390843064,-1.4828860915693454,0.12085751239866278,-100162300,10.83716274162407,8.624810318758772,0.0,0
2023-11-16,376.1700134277344,376.1700134277344,27182300,MSFT,6.5,0.0,89.583327904862,100.0,-0.0,0.11520564510510946,-72980000,11.39741238698673,9.179330732404365,2.0,2
2023-11-17,369.8500061035156,369.8500061035156,40157000,MSFT,0.0,6.32000732421875,78.35481741851665,83.39463304764219,-16.605366952357812,0.09387483992509198,-113137000,11.202309246954371,9.583926435314368,0.0,0
2023-11-20,377.4400024414063,377.4400024414063,52465100,MSFT,7.589996337890682,0.0,80.64515361978088,99.99999999999999,-0.0,0.09064638498937673,-60671900,11.527258810955004,9.972592910442495,2.0,2
2023-11-21,373.0700073242188,373.0700073242188,28423100,MSFT,0.0,4.3699951171875,72.28457608385739,84.9931461196977,-15.006853880302296,0.07105534990691069,-89095000,11.301880553334229,10.238450439020843,0.0,0
2023-11-22,377.8500061035156,377.8500061035156,23345300,MSFT,4.779998779296818,0.0,73.39565152425862,100.0,-0.0,0.0710034557179373,-65749700,11.37781623071669,10.466323597360013,2.0,2
2023-11-24,377.4299926757813,377.4299926757813,10176600,MSFT,0.0,0.42001342773431816,70.85519434073828,98.02995645664154,-1.9700435433584407,0.05862057601896826,-75926300,11.274142926958177,10.627887463279647,0.0,0
2023-11-27,378.6099853515625,378.6099853515625,22179200,MSFT,1.1799926757811932,0.0,69.53980057178575,100.0,-0.0,0.05014835556952786,-53747100,11.158567612657464,10.734023493155211,2.0,2
2023-11-28,382.7000122070313,382.7000122070313,20453100,MSFT,4.090026855468807,0.0,69.58825848292372,100.0,-0.0,0.05368942550829158,-33294000,11.26712393764268,10.840643582052707,2.0,2
2023-11-29,378.8500061035156,378.8500061035156,28963400,MSFT,0.0,3.850006103515682,63.54507559129406,82.50793096180911,-17.49206903819089,0.05034795403030166,-62257400,10.916651922605354,10.855845250163236,0.0,0
2023-11-30,378.9100036621094,378.9100036621094,30554400,MSFT,0.05999755859375,0.0,66.46781341040321,76.34204791368187,-23.657952086318133,0.024995238723038316,-31703000,10.52244542635168,10.789165285400927,2.0,0
2023-12-01,374.510009765625,374.510009765625,33020400,MSFT,0.0,4.399993896484375,54.769407132834424,48.876451583406634,-51.123548416593366,0.021353815987356035,-64723400,9.742683610748372,10.579868950470416,0.0,0
2023-12-04,369.1400146484375,369.1400146484375,32037800,MSFT,0.0,5.3699951171875,52.31553294313108,0.0,-100.0,-0.0030517579030490956,-96761200,8.592355699024324,10.182366300181199,0.0,0
2023-12-05,371.37200927734375,371.37200927734375,5084218,MSFT,2.23199462890625,0.0,51.064507171295716,16.460140344875633,-83.53985965512437,0.00460409497061382,-91676982,7.771233907255578,9.700139821596075,2.0,0
